,source,author,title,description,url,urlToImage,publishedAt,content
0,"{'id': None, 'name': 'The Daily Hodl'}",Henry Kanapi,"Here’s When Bitcoin (BTC) May Print the Top of Its Post-Halving Bull Run, According to Crypto Strategist","An analyst who continues to build a following with his long-term Bitcoin calls is forecasting the timeline for a BTC post-halving bull run. Pseudonymous analyst Rekt Capital tells his 353,800 followers on the social media platform X that he’s looking at the 2…",https://dailyhodl.com/2023/09/25/heres-when-bitcoin-btc-may-print-the-top-of-its-post-halving-bull-run-according-to-crypto-strategist/,https://dailyhodl.com/wp-content/uploads/2023/07/Upside-After-Bullish-btc.jpg,2023-09-25T11:45:29Z,"An analyst who continues to build a following with his long-term Bitcoin calls is forecasting the timeline for a BTC post-halving bull run.
Pseudonymous analyst Rekt Capital tells his 353,800 follow… [+1691 chars]"
1,"{'id': None, 'name': 'Biztoc.com'}",news.bitcoin.com,"Latam Insights: Bitcoin Farm Found at Venezuelan Jail, Bill Protecting Crypto From Seizure Advances in Brazil","Welcome to Latam Insights, a compendium of Latin America’s most relevant crypto and economic news during the last week. In this issue: a Bitcoin mining farm is discovered during a raid on a Venezuelan jail, a bill that protects crypto from seizure advances in…",https://biztoc.com/x/7c4445b6755b8352,https://c.biztoc.com/p/7c4445b6755b8352/s.webp,2023-09-25T11:44:09Z,"Welcome to Latam Insights, a compendium of Latin Americas most relevant crypto and economic news during the last week. In this issue: a Bitcoin mining farm is discovered during a raid on a Venezuelan… [+307 chars]"
2,"{'id': None, 'name': 'Forbes'}","Billy Bambrough, Senior Contributor, 
 Billy Bambrough, Senior Contributor
 https://www.forbes.com/sites/billybambrough/","Shock Crypto Leak Reveals Microsoft Could Be About To Blow Up The Price Of Bitcoin, Ethereum, XRP And BNB","A shock leak has revealed Microsoft could be about to cause bitcoin, ethereum, XRP, BNB and crypto price chaos...",https://www.forbes.com/sites/digital-assets/2023/09/25/shock-crypto-xbox-leak-reveals-microsoft-could-be-about-to-blow-up-the-price-of-bitcoin-ethereum-xrp-and-bnb/,https://imageio.forbes.com/specials-images/imageserve/650ff49a4d64ab4881b1c2ff/0x0.jpg?format=jpg&width=1200,2023-09-25T11:38:08Z,"BitcoinBTC
 and other major cryptocurrenciesincluding ethereum, XRPXRP
 and BNBBNB
are trading sideways as the market braces for a fast-growing $17.7 trillion Wall Street earthquake.
Subscribenow… [+3423 chars]"
3,"{'id': None, 'name': 'Biztoc.com'}",ambcrypto.com,A look at long-term holders show Bitcoin is here to stay,"In a world of Bitcoin's dance between $27,000 and $30,000, long-term holders stand strong, controlling 69% of supply.",https://biztoc.com/x/0141a85785f74e7f,https://c.biztoc.com/p/0141a85785f74e7f/s.webp,2023-09-25T11:36:12Z,"In a world of Bitcoin's dance between $27,000 and $30,000, long-term holders stand strong, controlling 69% of supply.
This story appeared on ambcrypto.com, ."
4,"{'id': None, 'name': 'Biztoc.com'}",newsbtc.com,Crypto Analyst Says Prepare For 100% Increase In Bitcoin Price As Historical Pattern Forms,"Last week was a quiet one for Bitcoin, as the US dollar continues to gain ground in the foreign exchange market. Price action, in particular, has had Bitcoin breaking below the $26,500 support, indicating a potential risk of more losses below the $26,000 supp…",https://biztoc.com/x/f461e00bced2f5f5,https://c.biztoc.com/p/f461e00bced2f5f5/s.webp,2023-09-25T11:36:09Z,"Last week was a quiet one for Bitcoin, as the US dollar continues to gain ground in the foreign exchange market. Price action, in particular, has had Bitcoin breaking below the $26,500 support, indic… [+260 chars]"
5,"{'id': None, 'name': 'Ambcrypto.com'}",Adewale Olarinde,A look at long-term holders show Bitcoin is here to stay,"In a world of Bitcoin's dance between $27,000 and $30,000, long-term holders stand strong, controlling 69% of supply.",https://ambcrypto.com/a-look-at-long-term-holders-show-bitcoin-is-here-to-stay/,https://statics.ambcrypto.com/wp-content/uploads/2023/09/ambcrypto_Prompt_-_In_a_digital_fortress_high_above_the_clouds__008257f7-5dcf-44f0-b397-cb64fb4b8148_1200x900-1000x600.png,2023-09-25T11:30:42Z,"<ul><li>Long-term BTC holders hold 69% of the circulating supply.</li><li>BTCs price declined over the weekend and is currently traded at around $26,100.</li></ul>The Bitcoin [BTC] price has recently… [+2616 chars]"
6,"{'id': None, 'name': 'newsBTC'}",Scott Matherson,Crypto Analyst Says Prepare For 100% Increase In Bitcoin Price As Historical Pattern Forms,"Last week was a quiet one for Bitcoin, as the US dollar continues to gain ground in the foreign exchange market. Price action, in particular, has had Bitcoin breaking below the $26,500 support, indicating a potential risk of more losses below the $26,000 supp…",http://www.newsbtc.com/news/bitcoin/100-increase-bitcoin-price/,https://www.newsbtc.com/wp-content/uploads/2023/09/kanchanara-5z36YztTtM-unsplash-1.jpg?fit=6048%2C4024,2023-09-25T11:30:32Z,"Last week was a quiet one for Bitcoin, as the US dollar continues to gain ground in the foreign exchange market. Price action, in particular, has had Bitcoin breaking below the $26,500 support, indic… [+3161 chars]"
7,"{'id': None, 'name': 'Biztoc.com'}",cointelegraph.com,"Why low latency is important for cryptocurrency exchanges, explained",What is latency in cryptocurrency trading? The term “latency” in cryptocurrency trading refers to the delay or lag in the amount of time it takes for data to move between two points in a trading system. Latency may significantly affect a trader’s capacity to …,https://biztoc.com/x/6e1d5710808a7db4,https://c.biztoc.com/p/6e1d5710808a7db4/s.webp,2023-09-25T11:30:06Z,What is latency in cryptocurrency trading? The term latency in cryptocurrency trading refers to the delay or lag in the amount of time it takes for data to move between two points in a trading system… [+227 chars]
8,"{'id': None, 'name': 'Small Business Trends'}",Samson Haileyesus,What is an NFT?,"What is an NFT? Find out everything you need to know about NFTs so you can start creating, selling, and investing in these popular tokens.",https://smallbiztrends.com/2023/09/what-is-an-nft.html,https://media.smallbiztrends.com/2023/09/nft-anacronim.png,2023-09-25T11:26:32Z,"What is an NFT?  Non-Fungible Tokens (NFT) are digital assets such as collectibles, gaming, art, and virtual assets that are exchanged over blockchain platforms such as Ethereum, OpenSea, Rarible, Ax… [+14326 chars]"
9,"{'id': None, 'name': 'Biztoc.com'}",cryptoslate.com,"Bitcoin mining takes the lead in sustainable energy use, outshining banking sector","Quick Take Bitcoin mining is the most sustainably-powered industry globally, outperforming all other sectors, per Daniel Batten’s analysis. The analysis indicates that over half of the energy resources consumed in Bitcoin mining are from sustainable sources, …",https://biztoc.com/x/0b06ca58446c32ac,https://c.biztoc.com/p/0b06ca58446c32ac/s.webp,2023-09-25T11:04:08Z,"Quick TakeBitcoin mining is the most sustainably-powered industry globally, outperforming all other sectors, per Daniel Battens analysis. The analysis indicates that over half of the energy resources… [+281 chars]"
10,"{'id': None, 'name': 'Biztoc.com'}",cryptodaily.co.uk,Coinbase holds as much Bitcoin as Satoshi Nakamoto,"Arkham, the blockchain analysis platform, has suggested that Coinbase is sitting on a similar amount of Bitcoin to its mysterious creator Satoshi Nakamoto, which amounts to around 5% of all Bitcoin. Coinbase in fantastic position Over the years Coinbase, ably…",https://biztoc.com/x/c8552c48190e878c,https://c.biztoc.com/p/c8552c48190e878c/s.webp,2023-09-25T11:02:17Z,"Arkham, the blockchain analysis platform, has suggested that Coinbase is sitting on a similar amount of Bitcoin to its mysterious creator Satoshi Nakamoto, which amounts to around 5% of all Bitcoin.C… [+296 chars]"
11,"{'id': None, 'name': 'CryptoSlate'}",James Van Straten,"Bitcoin mining takes the lead in sustainable energy use, outshining banking sector","Quick Take Bitcoin mining is the most sustainably-powered industry globally, outperforming all other sectors, per Daniel Batten’s analysis. The analysis indicates that over half of the energy resources consumed in Bitcoin mining are from sustainable sources, …",https://cryptoslate.com/insights/bitcoin-mining-takes-the-lead-in-sustainable-energy-use-outshining-banking-sector/,https://cryptoslate.com/wp-content/uploads/2023/09/insights-bitcoin-mining-sustainability.jpg,2023-09-25T11:00:16Z,"Quick Take
Bitcoin mining is the most sustainably-powered industry globally, outperforming all other sectors, per Daniel Batten’s analysis. The analysis indicates that over half of the energy resour… [+1478 chars]"
12,"{'id': None, 'name': 'Biztoc.com'}",watcher.guru,Bitcoin Key Economic Events May Bring Fresh Volatility This Week,"Bitcoin has once again fallen below $27k, currently down by 1.7% in the last 24 hours. The latest dip could be attributed to key financial events due later this week. On Tuesday, we will have the consumer confidence data and the new home sales data. On Thursd…",https://biztoc.com/x/5c39e6ff1554a25e,https://c.biztoc.com/p/5c39e6ff1554a25e/s.webp,2023-09-25T10:58:14Z,"Bitcoin has once again fallen below $27k, currently down by 1.7% in the last 24 hours. The latest dip could be attributed to key financial events due later this week. On Tuesday, we will have the con… [+252 chars]"
13,"{'id': None, 'name': 'Biztoc.com'}",coinspeaker.com,Arkham Report: Coinbase Now Holds 5% of All Bitcoin in Existence,"Coinspeaker Arkham Report: Coinbase Now Holds 5% of All Bitcoin in Existence Blockchain analysis and intelligence platform Arkham Intelligence has announced that major crypto exchange Coinbase holds $25 billion worth of Bitcoin in its reserves, which amounts …",https://biztoc.com/x/dd144318837abda8,https://c.biztoc.com/p/dd144318837abda8/s.webp,2023-09-25T10:58:09Z,CoinspeakerArkham Report: Coinbase Now Holds 5% of All Bitcoin in ExistenceBlockchain analysis and intelligence platform Arkham Intelligence has announced that major crypto exchange Coinbase holds $2… [+311 chars]
14,"{'id': None, 'name': 'Biztoc.com'}",thecryptobasic.com,Satoshi Nakamoto’s Praise for Ripple Surfaces Amid Bitcoin Maxi’s XRP Criticism,"The XRP community recently spotlighted Bitcoin creator Satoshi Nakamoto’s commendation of Ripple in 2009 amid sustained XRP criticisms from Max Keiser. While the renowned Bitcoin maximalist Max Keiser continues to deride XRP, proponents of the digital asset h…",https://biztoc.com/x/b807041d57d82e18,https://c.biztoc.com/p/b807041d57d82e18/s.webp,2023-09-25T10:52:07Z,The XRP community recently spotlighted Bitcoin creator Satoshi Nakamotos commendation of Ripple in 2009 amid sustained XRP criticisms from Max Keiser.While the renowned Bitcoin maximalist Max Keiser … [+285 chars]
15,"{'id': None, 'name': 'Finbold.com'}",Ana Nicenko,Stock market to crash? Bankruptcy filings soar to ‘dangerous levels’,"Amid continuous warnings from finance experts and prominent investors alike on the bleak state of the economy in the United … Continued
The post Stock market to crash? Bankruptcy filings soar to ‘dangerous levels’ appeared first on Finbold.",https://finbold.com/stock-market-to-crash-bankruptcy-filings-soar-to-dangerous-levels/,https://finbold.com/app/uploads/2023/09/Stock-market-to-crash-Bankruptcy-filings-soar-to-dangerous-levels.jpg,2023-09-25T10:48:31Z,"Amid continuous warnings from finance experts and prominent investors alike on the bleak state of the economy in the United States, along with predictions of its even bleaker future, recent data has … [+1942 chars]"
16,"{'id': None, 'name': 'Biztoc.com'}",cryptopotato.com,"Precarious Times for Bitcoin: Liquidity Dwindles, Threatening Price Stability","Bitcoin’s trading volume has taken a significant hit this year, and the recent market activity has been characterized by low volatility and narrow price ranges, limiting trading opportunities. Despite rising above $27.5k briefly earlier this week, the flagshi…",https://biztoc.com/x/88e4699a191aa73b,https://c.biztoc.com/p/88e4699a191aa73b/s.webp,2023-09-25T10:48:09Z,"Bitcoins trading volume has taken a significant hit this year, and the recent market activity has been characterized by low volatility and narrow price ranges, limiting trading opportunities.Despite … [+257 chars]"
17,"{'id': None, 'name': 'Crypto Daily'}",Laurie Dunn,Coinbase holds as much Bitcoin as Satoshi Nakamoto,"Arkham, the blockchain analysis platform, has suggested that Coinbase is sitting on a similar amount of Bitcoin to its mysterious creator Satoshi Nakamoto, which amounts to around 5% of all Bitcoin.",https://cryptodaily.co.uk/2023/09/coinbase-holds-as-much-bitcoin-as-satoshi-nakamoto,https://cryptodaily.blob.core.windows.net/space/arkham%20bitcoin%20coinbase%201.jpeg,2023-09-25T10:40:27Z,"Table of Content
Arkham, the blockchain analysis platform, has suggested that Coinbase is sitting on a similar amount of Bitcoin to its mysterious creator Satoshi Nakamoto, which amounts to around 5… [+2103 chars]"
18,"{'id': None, 'name': 'Biztoc.com'}",bitcoinist.com,Bitcoin Moves Toward Mainstream Legitimacy Following Shanghai Court Ruling,"Tron’s founder, Justin Sun, has pointed out a recent article by the Shanghai Second Intermediate People’s Court, which seems to legitimize the flagship digital currency, Bitcoin, despite China’s anti-crypto stance. What The Chinese Court Has To Say In a tweet…",https://biztoc.com/x/3bf2b9c3b0a25054,https://c.biztoc.com/p/3bf2b9c3b0a25054/s.webp,2023-09-25T10:40:08Z,"Trons founder, Justin Sun, has pointed out a recent article by the Shanghai Second Intermediate Peoples Court, which seems to legitimize the flagship digital currency, Bitcoin, despite Chinas anti-cr… [+291 chars]"
19,"{'id': None, 'name': 'Biztoc.com'}",forkast.news,"Bitcoin, Ether fall with Toncoin leading losses in top 10 cryptos","Bitcoin continued to fall in Monday afternoon trade in Asia, along with Ether and all other top 10 non-stablecoin cryptos, except Tron. Toncoin was the biggest loser. Global cryptocurrency markets weakened after the U.S. Federal Reserve at its September meeti…",https://biztoc.com/x/a6e683ee292e50cb,https://c.biztoc.com/p/a6e683ee292e50cb/s.webp,2023-09-25T10:36:09Z,"Bitcoin continued to fall in Monday afternoon trade in Asia, along with Ether and all other top 10 non-stablecoin cryptos, except Tron. Toncoin was the biggest loser. Global cryptocurrency markets we… [+304 chars]"
20,"{'id': None, 'name': 'CryptoGlobe'}",CryptoGlobe Writer,Crypto Analyst Benjamin Cowen Predicts a Grim Future for Many Altcoins: What to Expect in 2024,"Prominent cryptocurrency analyst Benjamin Cowen has issued a cautionary note, suggesting that numerous altcoins are headed for another downturn within this year, with little hope for recovery. In a recent video update, Cowen shared these insights with his 787…",https://www.cryptoglobe.com/latest/2023/09/crypto-analyst-benjamin-cowen-predicts-a-grim-future-for-many-altcoins-what-to-expect-in-2024/,https://media.cryptoglobe.com/2023/05/cryptocurrencies-1-768x768.png,2023-09-25T10:31:25Z,"Prominent cryptocurrency analyst Benjamin Cowen has issued a cautionary note, suggesting that numerous altcoins are headed for another downturn within this year, with little hope for recovery. In a r… [+3055 chars]"
21,"{'id': None, 'name': 'Bitcoinist'}",Scott Matherson,Bitcoin Moves Toward Mainstream Legitimacy Following Shanghai Court Ruling,"Tron’s founder, Justin Sun, has pointed out a recent article by the Shanghai Second Intermediate People’s Court, which seems to legitimize the flagship digital currency, Bitcoin, despite China’s anti-crypto stance.  What The Chinese Court Has To Say In a twee…",http://bitcoinist.com/bitcoin-mainstream-legitimacy/,https://bitcoinist.com/wp-content/uploads/2023/09/michael-fortsch-8TEpTK7363I-unsplash-980x630.jpg,2023-09-25T10:30:36Z,"Trons founder, Justin Sun, has pointed out a recent article by the Shanghai Second Intermediate People’s Court, which seems to legitimize the flagship digital currency, Bitcoin, despite Chinas anti-c… [+3470 chars]"
22,"{'id': None, 'name': 'Forbes'}","William Baldwin, Senior Contributor, 
 William Baldwin, Senior Contributor
 https://www.forbes.com/sites/baldwin/",12 Ways To Beat Inflation With Your Portfolio,"The Fed may quickly subdue inflation, or it may fail. Here are some devices to protect your retirement savings in case of failure.",https://www.forbes.com/sites/baldwin/2023/09/25/12-ways-to-beat-inflation-with-your-portfolio/,https://imageio.forbes.com/specials-images/imageserve/650e471862c91b3733d75329/0x0.jpg?format=jpg&width=1200,2023-09-25T10:30:00Z,"The Fed may quickly subdue inflation, or it may fail. Here are some devices to protect your retirement savings in case of failure.
Inflation is here to stay for a while. At 3%, a moderately pessimis… [+11721 chars]"
23,"{'id': None, 'name': 'PRNewswire'}",,"Global Metaverse Strategic Market Analysis Report 2023-2030: ""Phygital"" is the New Era - Metaverse Job Openings on the Rise as Companies Begin to Warm Up to the Concept & Its Promised Potential","DUBLIN, Sept. 25, 2023 /PRNewswire/ -- The ""Metaverse - Global Strategic Business Report"" report has been added to ResearchAndMarkets.com's offering. Global Metaverse Market to Reach $980.5 Billion by 2030 The global metaverse market is experiencing remarkabl…",https://www.prnewswire.com/news-releases/global-metaverse-strategic-market-analysis-report-2023-2030-phygital-is-the-new-era---metaverse-job-openings-on-the-rise-as-companies-begin-to-warm-up-to-the-concept--its-promised-potential-301937293.html,https://mma.prnewswire.com/media/539438/Research_and_Markets_Logo.jpg?p=facebook,2023-09-25T10:30:00Z,"DUBLIN, Sept. 25, 2023 /PRNewswire/ -- The ""Metaverse - Global Strategic Business Report"" report has been added to  ResearchAndMarkets.com's offering.
Global Metaverse Market to Reach $980.5 Billion… [+12236 chars]"
24,"{'id': None, 'name': 'Forkast.news'}",Pradipta Mukherjee,"Bitcoin, Ether fall with Toncoin leading losses in top 10 cryptos","Bitcoin fell below US$26,500 while Ether dipped below US$1,600 in the past 24 hours.",https://forkast.news/bitcoin-ether-fall-toncoin-leads-losses/,https://forkast.news/wp-content/uploads/2023/09/bitcoin-9-1260x946.jpg,2023-09-25T10:27:11Z,"Bitcoin continued to fall in Monday afternoon trade in Asia, along with Ether and all other top 10 non-stablecoin cryptos, except Tron. Toncoin was the biggest loser. Global cryptocurrency markets we… [+2104 chars]"
25,"{'id': None, 'name': 'Biztoc.com'}",barrons.com,Bitcoin Falls With Key Level at Risk. Macro Catalysts Are Looming for Cryptos,"Bitcoin and other cryptocurrencies dropped Monday, nearing key price levels, amid a wider slump in risk-sensitive assets as a number of macroeconomic catalysts loom for cryptos in the coming days. The price of Bitcoin has fallen 2% over the past 24 hours to b…",https://biztoc.com/x/42b46d3081e7907e,https://c.biztoc.com/p/42b46d3081e7907e/s.webp,2023-09-25T10:26:13Z,"Bitcoin and other cryptocurrencies dropped Monday, nearing key price levels, amid a wider slump in risk-sensitive assets as a number of macroeconomic catalysts loom for cryptos in the coming days.The… [+214 chars]"
26,"{'id': None, 'name': 'Biztoc.com'}",barrons.com,Bitcoin Falls With Key Level at Risk,"In the absence of crypto-native catalysts, traders are likely to focus on the same macroeconomic data releases this week that will move the stock market.",https://biztoc.com/x/6b455b7a01b30c56,https://c.biztoc.com/p/6b455b7a01b30c56/s.webp,2023-09-25T10:26:12Z,"In the absence of crypto-native catalysts, traders are likely to focus on the same macroeconomic data releases this week that will move the stock market.
This story appeared on barrons.com, ."
27,"{'id': None, 'name': 'Marketscreener.com'}",Publicnow,Banque Bemo L : Daily Markets Brief,"(marketscreener.com) 
 
 
 Daily Market Brief
 
 
 September 25th 2023
 
 
 
 
 
 FOREIGN EXCHANGE MARKETS
 
 
 
 
 
 
 
 
 
 
 
 
 
 ...https://www.marketscreener.com/quote/stock/BANQUE-BEMO-S-A-L-20703347/news/Banque-Bemo-L-Daily-Markets-Brief-44913785/?utm…",https://www.marketscreener.com/quote/stock/BANQUE-BEMO-S-A-L-20703347/news/Banque-Bemo-L-Daily-Markets-Brief-44913785/,https://www.marketscreener.com/images/twitter_MS_fdblanc.png,2023-09-25T10:21:03Z,"EURUSD
The EUR/USD pair snaps its four-day losing streak during the early Asian session on Monday. Market participants will digest the outcome of the Federal Reserve (Fed) meeting last week and awai… [+9095 chars]"
28,"{'id': None, 'name': ""Barron's""}",Jack Denton,Bitcoin Drops Back With Key Level at Risk,"In the absence of crypto-native catalysts, traders are likely to focus on the same macroeconomic data releases this week that will move the stock market.",https://www.barrons.com/articles/bitcoin-crypto-markets-today-47f44d33,https://images.barrons.com/im-844022/social,2023-09-25T10:20:46Z,"Bitcoin
 and other cryptocurrencies dropped Monday, nearing key price levels, amid a wider slump in risk-sensitive assets as a number of macroeconomic catalysts loom for cryptos in the coming days.T… [+1992 chars]"
29,"{'id': None, 'name': 'Biztoc.com'}",cryptopotato.com,Bitcoin Spark: The New Face of Cryptocurrency Challenging Groestlcoin,"The cryptocurrency market has experienced growing interest, a massive adoption rate, and increased investments from retail blockchain enthusiasts, institutional investors, and venture capital firms. Cryptocurrencies have emerged to create an antithesis of the…",https://biztoc.com/x/b86cd89613f00703,https://c.biztoc.com/p/b86cd89613f00703/s.webp,2023-09-25T10:20:07Z,"The cryptocurrency market has experienced growing interest, a massive adoption rate, and increased investments from retail blockchain enthusiasts, institutional investors, and venture capital firms.C… [+306 chars]"
30,"{'id': None, 'name': 'Biztoc.com'}",decrypt.co,"Mixin Platform Suspends Deposits, Withdrawals After $200M Security Breach","Mixin Network was hit by an exploit on Sunday, resulting in a loss of up to $200 million, as reported in a tweet by the team earlier today. The project features a wallet for cross-chain asset transfers and a decentralized exchange to swap assets such as Bitco…",https://biztoc.com/x/62626d8d12064e9b,https://c.biztoc.com/p/62626d8d12064e9b/s.webp,2023-09-25T10:14:09Z,"Mixin Network was hit by an exploit on Sunday, resulting in a loss of up to $200 million, as reported in a tweet by the team earlier today.The project features a wallet for cross-chain asset transfer… [+302 chars]"
31,"{'id': None, 'name': 'Marketscreener.com'}",Publicnow,Canaan Inc. Introduces the A14 Series: Unleashing the Future of Cryptocurrency Mining,"(marketscreener.com) 
 Canaan Inc. Introduces the A14 Series: Unleashing the Future of Cryptocurrency Mining
 
 
 publish date 2023-09-25
 
 
 
 Canaan Inc. , a global pioneer in blockchain technology and cryptocurrency mining solutions, is proud to unveil it…",https://www.marketscreener.com/quote/stock/CANAAN-INC-76482411/news/Canaan-Inc-Introduces-the-A14-Series-Unleashing-the-Future-of-Cryptocurrency-Mining-44913728/,https://www.marketscreener.com/images/twitter_MS_fdblanc.png,2023-09-25T10:13:02Z,"Canaan Inc. (NASDAQ: CAN), a global pioneer in blockchain technology and cryptocurrency mining solutions, is proud to unveil its latest innovation, the A14 series, a formidable lineup of mining hardw… [+2565 chars]"
32,"{'id': None, 'name': 'CoinDesk'}","Margaux Nijkerk, Sam Kessler",The State of Staking: 5 Takeaways a Year After Ethereum's Merge,"Ethereum’s switch to proof-of-stake fixed some problems, like environmental damage linked to PoW mining. But it raised new issues, including worries about centralization, MEV and censorship, say Margaux Nijkerk and Sam Kessler.",https://www.coindesk.com/consensus-magazine/2023/09/25/the-state-of-staking-5-takeaways-a-year-after-ethereums-merge/,https://www.coindesk.com/resizer/8mHAC7v1DXsGHYvhK-v0nOBwcJc=/1200x628/center/middle/cloudfront-us-east-1.images.arcpublishing.com/coindesk/WCRIHMCLUBCF7NZJJVRPOGPXC4.jpg,2023-09-25T10:12:37Z,"Its been a little over a year since Ethereum, the largest smart-contract blockchain, switched out its old energy intensive proof-of-work (PoW) model, used by blockchains like Bitcoin, for proof-of-st… [+9491 chars]"
33,"{'id': None, 'name': 'Biztoc.com'}",ambcrypto.com,The rise of Bitcoin Spark: A new era in the cryptocurrency marketplace,Cryptocurrency is a term that has been on everyone’s lips for the past decade. This […],https://biztoc.com/x/511ef0b98f41d7c4,https://c.biztoc.com/p/511ef0b98f41d7c4/s.webp,2023-09-25T10:12:11Z,"Cryptocurrency is a term that has been on everyones lips for the past decade. This []
This story appeared on ambcrypto.com, ."
34,"{'id': None, 'name': 'Biztoc.com'}",cryptodaily.co.uk,Bitcoin approaches its moment of truth,With a monthly close less than a week away it’s make or break for Bitcoin. A bearish narrative A bearish narrative is playing across the world’s press and social media channels. The message from the U.S. Federal Reserve Chairman Jerome Powell in the recent FO…,https://biztoc.com/x/77f4a8d9bdf9aadb,https://c.biztoc.com/p/77f4a8d9bdf9aadb/s.webp,2023-09-25T10:06:27Z,With a monthly close less than a week away its make or break for Bitcoin. A bearish narrativeA bearish narrative is playing across the worlds press and social media channels. The message from the U.S… [+294 chars]
35,"{'id': None, 'name': 'Phable.io'}",Chloe Alexander,Krista Edmunds: Empowering Women in Bitcoin - Founder Spotlight — Branding And Content Marketing For Technology,"Discover the inspiring journey of Krista Edmunds, a seasoned professional with a passion for Bitcoin and a commitment to empowering women in technology. Learn about her role as the founder of Access Tribe Limited and her mission to bridge the gender gap in th…",https://www.phable.io/blog/qa0t8qh4jki388vnuwm6sk9jcb3x3k,http://static1.squarespace.com/static/60cb1bed3b0cf9305037362d/t/65115213f6537a05c7c4791c/1695633956122/Screenshot+2023-09-25+at+10.24.12.png?format=1500w,2023-09-25T10:05:03Z,"Early Career and Expertise
Krista embarked on her finance career than twenty years ago and quickly climbed the ladder of success. Notably she held positions at Barclays Bank, including Head of US Bu… [+5974 chars]"
36,"{'id': None, 'name': 'Cryptopolitan'}",Lacton Muriuki,North Korean Lazarus Group’s crypto holdings decline to $47M- Reports,"Recent data reveals a substantial decrease in Lazarus Group’s cryptocurrency holdings, shedding light on their involvement in cyberattacks. The notorious North Korean hacking collective, Lazarus Group, is reportedly holding approximately $47 million in crypto…",https://www.cryptopolitan.com/lazarus-group-crypto-holdings-decline-to-47m/,https://www.cryptopolitan.com/wp-content/uploads/2023/09/JasperArt_2023-09-25_12.41.49_upscaled.jpg,2023-09-25T10:04:34Z,"<ul><li>Recent data reveals a substantial decrease in Lazarus Group’s cryptocurrency holdings.</li><li>The group’s digital asset portfolio includes $42.5 million in Bitcoin, $1.9 million in Ether, $1… [+2799 chars]"
37,"{'id': None, 'name': 'Ambcrypto.com'}",Jacob Thomas,The rise of Bitcoin Spark: A new era in the cryptocurrency marketplace,Cryptocurrency is a term that has been on everyone’s lips for the past decade. This […],https://ambcrypto.com/the-rise-of-bitcoin-spark-a-new-era-in-the-cryptocurrency-marketplace/,https://statics.ambcrypto.com/wp-content/uploads/2023/09/BT-spark-1000x600.jpg,2023-09-25T10:00:54Z,"Cryptocurrency is a term that has been on everyone’s lips for the past decade. This digital currency uses cryptography for security, making it nearly impossible to counterfeit. Cryptocurrency is dece… [+6144 chars]"
38,"{'id': None, 'name': 'Cryptopolitan'}",Lacton Muriuki,Mixin Network suffers $200M hack,"Mixin Network, a decentralized peer-to-peer network, has fallen victim to a major security breach, resulting in the loss of approximately $200 million worth of cryptocurrency assets. The incident unfolded on September 23, 2023, prompting an immediate suspensi…",https://www.cryptopolitan.com/mixin-network-suffers-200m-hack/,https://www.cryptopolitan.com/wp-content/uploads/2023/09/JasperArt_2023-09-25_12.55.33_upscaled.jpg,2023-09-25T10:00:11Z,"<ul><li>Mixin Network has fallen victim to a major security breach, resulting in the loss of approximately $200M.</li><li>Mixin Network has temporarily suspended all deposit and withdrawal services t… [+3010 chars]"
39,"{'id': None, 'name': 'Biztoc.com'}",coindesk.com,Crypto Traders Brace for Nearly $5B Bitcoin and Ether Options Expiry,"Roughly 10% or 117,000 contracts out of the total are tied to bitcoin, while the rest are ether options. On Deribit, one options contract represents one BTC and one ETH. Options are derivatives that give the purchaser the right to buy or sell the underlying a…",https://biztoc.com/x/5a64827a4f7f4b75,https://c.biztoc.com/p/5a64827a4f7f4b75/s.webp,2023-09-25T10:00:06Z,"Roughly 10% or 117,000 contracts out of the total are tied to bitcoin, while the rest are ether options. On Deribit, one options contract represents one BTC and one ETH. Options are derivatives that … [+267 chars]"
40,"{'id': None, 'name': 'The New Yorker'}",Sheelah Kolhatkar,Inside Sam Bankman-Fried’s Family Bubble,"The young crypto billionaire was raised by law-school professors who specialized in ethics and fairness. Now that he stands accused of a historic act of fraud, all three of them are scrambling for legal escape routes, Sheelah Kolhatkar writes.",https://www.newyorker.com/magazine/2023/10/02/inside-sam-bankman-frieds-family-bubble,"https://media.newyorker.com/photos/650c8f60460686e02830654b/16:9/w_1280,c_limit/231002_r43094.jpg",2023-09-25T10:00:00Z,"Bankman is, in addition to his other work, a part-time therapist. Especially interested in anxiety, he has written on the intersection of law and psychology and co-hosted, with Stanford students, a p… [+12625 chars]"
41,"{'id': None, 'name': 'The New Yorker'}",Françoise Mouly,Barry Blitt’s “The Race for Office”,"Françoise Mouly interviews the artist Barry Blitt about his cover illustration for the October 2, 2023, issue of The New Yorker.",https://www.newyorker.com/culture/cover-story/cover-story-2023-10-02,"https://media.newyorker.com/photos/650ddfd4c48d9b127294d809/16:9/w_1280,c_limit/cover-story-promo-blitt_biden.jpg",2023-09-25T10:00:00Z,"Is the U.S.long thought to be the land of new beginningsin danger of becoming a sclerotic gerontocracy? In a declining society, the images of an aging leadership can come to embody a general sense of… [+4590 chars]"
42,"{'id': None, 'name': 'CoinDesk'}",Omkar Godbole,Crypto Traders Brace for Nearly $5B Bitcoin and Ether Options Expiry,Options are derivatives that give the purchaser the right to buy or sell the underlying at a pre-determined price at a later date. Quarterly options settlements are closely watched by traders.,https://www.coindesk.com/markets/2023/09/25/crypto-traders-brace-for-nearly-5b-bitcoin-and-ether-options-expiry/,https://www.coindesk.com/resizer/WI57qflYxED7fDl4QDPBBW-zX_U=/1200x628/center/middle/cloudfront-us-east-1.images.arcpublishing.com/coindesk/ZL3OTATNZ5HZTLNSSDEZDWDX3I.jpeg,2023-09-25T09:52:37Z,"<ul><li>On Friday, 117,000 BTC options contracts and 1.1 million ETH options contracts will expire on Deribit.
</li><li>Max pain levels for BTC and ETH are $26,500 and $1,650, respectively.
</li><l… [+3765 chars]"
43,"{'id': None, 'name': 'Yahoo Entertainment'}",Omkar Godbole,Crypto Traders Brace for Nearly $5B Bitcoin and Ether Options Expiry,Options are derivatives that give the purchaser the right to buy or sell the underlying at a pre-determined price at a later date. Quarterly options...,https://finance.yahoo.com/news/crypto-traders-brace-nearly-5b-095237268.html,https://s.yimg.com/ny/api/res/1.2/KdUS2xxI4AP8ty4q0y66uw--/YXBwaWQ9aGlnaGxhbmRlcjt3PTEyMDA7aD02MDA-/https://media.zenfs.com/en/coindesk_75/3bfd4999055886d2f9f6b6ddb86272f0,2023-09-25T09:52:37Z,"<ul><li>On Friday, 117,000 BTC options contracts and 1.1 million ETH options contracts will expire on Deribit.
</li><li>Max pain levels for BTC and ETH are $26,500 and $1,650, respectively.
</li><l… [+3783 chars]"
44,"{'id': None, 'name': 'Biztoc.com'}",decrypt.co,"Mixin Platform Suspends Deposits, Withdrawals After $200M Security Breach","Mixin Network was hit by an exploit on Sunday, resulting in a loss of up to $200 million, as reported in a tweet by the team earlier today. The project features a wallet for cross-chain asset transfers and a decentralized exchange to swap assets such as Bitco…",https://biztoc.com/x/b82f3df33c5926eb,https://c.biztoc.com/p/b82f3df33c5926eb/s.webp,2023-09-25T09:46:07Z,"Mixin Network was hit by an exploit on Sunday, resulting in a loss of up to $200 million, as reported in a tweet by the team earlier today.The project features a wallet for cross-chain asset transfer… [+302 chars]"
45,"{'id': None, 'name': 'Biztoc.com'}",newsbtc.com,Will Bitcoin Drop To $20k? EURUSD Correlation Indicates It Might,"In recent discussions surrounding Bitcoin (BTC) and its potential future price trajectory, crypto-enthusiasts and analysts alike are finding new correlations to dissect. Most notably, a correlation with the EURUSD pair (the euro against the US dollar) has com…",https://biztoc.com/x/566a4b270f4b86bd,https://c.biztoc.com/p/566a4b270f4b86bd/s.webp,2023-09-25T09:44:08Z,"In recent discussions surrounding Bitcoin (BTC) and its potential future price trajectory, crypto-enthusiasts and analysts alike are finding new correlations to dissect. Most notably, a correlation w… [+285 chars]"
46,"{'id': None, 'name': 'Biztoc.com'}",cointelegraph.com,US gov’t shutdown looms,"starts the last week of September with a retest of $26,000 as a stubborn range persists. An unimpressive weekly close sets the tone for the culmination of a traditionally lackluster month for BTC price action. Having shaken off a hectic week of macroeconomic …",https://biztoc.com/x/fe86928210e92411,https://c.biztoc.com/p/fe86928210e92411/og.webp,2023-09-25T09:38:09Z,"starts the last week of September with a retest of $26,000 as a stubborn range persists.An unimpressive weekly close sets the tone for the culmination of a traditionally lackluster month for BTC pric… [+295 chars]"
47,"{'id': None, 'name': 'Biztoc.com'}",beincrypto.com,Bitcoin Mining Rigs Uncovered in Venezuelan Prison ‘Gang Headquarters’,"Venezuelan authorities unearthed a Bitcoin mining rig during a raid at the infamous Tocorón prison in Aragua state. Known as a stronghold for the notorious crime syndicate Tren de Aragua, the prison has been the epicenter of various illicit activities, includ…",https://biztoc.com/x/387f4cdc8363900e,https://c.biztoc.com/p/387f4cdc8363900e/s.webp,2023-09-25T09:36:18Z,"Venezuelan authorities unearthed a Bitcoin mining rig during a raid at the infamous Tocorón prison in Aragua state. Known as a stronghold for the notorious crime syndicate Tren de Aragua, the prison … [+305 chars]"
48,"{'id': None, 'name': 'Decrypt'}",Nivesh Rustgi,"Mixin Platform Suspends Deposits, Withdrawals After $200M Security Breach","Initial reports from PeckShield suggest that Mixin lost millions in various cryptocurrencies including Bitcoin, Ethereum, and DAI.",https://decrypt.co/198568/mixin-platform-suspends-deposits-withdrawals-200m-security-breach,https://cdn.decrypt.co/resize/1024/height/512/wp-content/uploads/2020/10/bitcoin-lightning-network-new-exploit-gID_7.jpg,2023-09-25T09:32:57Z,"Mixin Network was hit by an exploit on Sunday, resulting in a loss of up to $200 million, as reported in a tweet by the team earlier today.
The project features a wallet for cross-chain asset transf… [+1686 chars]"
49,"{'id': None, 'name': 'newsBTC'}",Jake Simmons,"Will Bitcoin Drop To $20,000? EURUSD Correlation Indicates It Might","In recent discussions surrounding Bitcoin (BTC) and its potential future price trajectory, crypto-enthusiasts and analysts alike are finding new correlations to dissect. Most notably, a correlation with the EURUSD pair (the euro against the US dollar) has com…",http://www.newsbtc.com/news/bitcoin/bitcoin-drop-20000-eurusd-correlation/,https://www.newsbtc.com/wp-content/uploads/2023/09/shutterstock_2249349829.jpg?fit=3091%2C2061,2023-09-25T09:30:16Z,"In recent discussions surrounding Bitcoin (BTC) and its potential future price trajectory, crypto-enthusiasts and analysts alike are finding new correlations to dissect. Most notably, a correlation w… [+3200 chars]"
50,"{'id': None, 'name': 'Theeventchronicle.com'}",Ricky Cohen,Progressive Slots Demystified: Your Ultimate Roadmap to Winning Big,"Picture this: the anticipation builds as the reels spin, your heart races and the symbols align perfectly. Suddenly, you’re not just playing a slot game – you’re chasing a colossal jackpot that could turn your wildest dreams into reality. Welcome to the exhil…",https://theeventchronicle.com/progressive-slots-roadmap-to-winning-big/,https://theeventchronicle.com/wp-content/uploads/2023/09/Progressive-Slots-Demystified-Your-Ultimate-Roadmap-to-Winning-Big.jpeg,2023-09-25T09:20:28Z,"Picture this: the anticipation builds as the reels spin, your heart races and the symbols align perfectly. Suddenly, you’re not just playing a slot game you’re chasing a colossal jackpot that could t… [+5705 chars]"
51,"{'id': None, 'name': 'Biztoc.com'}",bitcoinist.com,The Week In Bitcoin And Crypto: 5 Must-Watch Events,"From macro headwinds for Bitcoin to Ripple’s legal victory celebrations to Chainlink’s major upcoming conference, the crypto universe is set to witness a dynamic week ahead. Here are the top events to mark on your calendar. #1 Ripple’s Victory Lap In NYC This…",https://biztoc.com/x/c866efd3d1cfa35d,https://c.biztoc.com/p/c866efd3d1cfa35d/s.webp,2023-09-25T09:16:11Z,"From macro headwinds for Bitcoin to Ripples legal victory celebrations to Chainlinks major upcoming conference, the crypto universe is set to witness a dynamic week ahead. Here are the top events to … [+294 chars]"
52,"{'id': None, 'name': 'Bitcoinist'}",Jake Simmons,The Week In Bitcoin And Crypto: 5 Must-Watch Events,"From macro headwinds for Bitcoin to Ripple’s legal victory celebrations to Chainlink’s major upcoming conference, the crypto universe is set to witness a dynamic week ahead. Here are the top events to mark on your calendar. #1 Ripple’s Victory Lap In NYC This…",http://bitcoinist.com/week-in-bitcoin-crypto-5-must-watch-events/,https://bitcoinist.com/wp-content/uploads/2023/09/matt-howard-GH7fPDHnJyw-unsplash-3-980x653.jpg,2023-09-25T09:15:24Z,"From macro headwinds for Bitcoin to Ripple’s legal victory celebrations to Chainlink’s major upcoming conference, the crypto universe is set to witness a dynamic week ahead. Here are the top events t… [+4834 chars]"
53,"{'id': None, 'name': 'Biztoc.com'}",forkast.news,SEC has lost again. What’s next for digital assets?,"Once again, the U.S. Securities and Exchange Commission’s aggressive regulatory strategy for digital assets, which has been aptly dubbed “regulation by enforcement,” has come under fire. In a significant turn of events, Grayscale has emerged victorious in a l…",https://biztoc.com/x/e2248f34644c3145,https://c.biztoc.com/p/e2248f34644c3145/s.webp,2023-09-25T09:10:11Z,"Once again, the U.S. Securities and Exchange Commissions aggressive regulatory strategy for digital assets, which has been aptly dubbed regulation by enforcement, has come under fire. In a significan… [+271 chars]"
54,"{'id': None, 'name': 'Marketscreener.com'}",Publicnow,"Canaan : Expands Its Reach in Thailand Through Exclusive Distributorship Agreement with Pins Tech (Thailand) Co., Ltd.","(marketscreener.com) 
 Canaan Inc. Expands Its Reach in Thailand Through Exclusive Distributorship Agreement with Pins Tech Co., Ltd.
 
 
 publish date 2023-09-25
 
 
 
 Canaan Inc. , a leading high-performance computing solutions provider, today announced an…",https://www.marketscreener.com/quote/stock/CANAAN-INC-76482411/news/Canaan-Expands-Its-Reach-in-Thailand-Through-Exclusive-Distributorship-Agreement-with-Pins-Tech-T-44913305/,https://www.marketscreener.com/images/twitter_MS_fdblanc.png,2023-09-25T09:09:02Z,"Canaan Inc. (NASDAQ: CAN) (""Canaan"" or the ""Company""), a leading high-performance computing solutions provider, today announced an Exclusive Distributorship Agreement with Pins Tech (Thailand) Co., L… [+2737 chars]"
55,"{'id': None, 'name': 'Crypto Daily'}",Laurie Dunn,Bitcoin approaches its moment of truth,With a monthly close less than a week away it’s make or break for Bitcoin.,https://cryptodaily.co.uk/2023/09/bitcoin-approaches-its-moment-of-truth,https://cryptodaily.blob.core.windows.net/space/interest%20rates%20bitcoin%201.jpeg,2023-09-25T09:06:01Z,"Table of Content
With a monthly close less than a week away it’s make or break for Bitcoin. 
A bearish narrative
A bearish narrative is playing across the world’s press and social media channels. … [+2484 chars]"
56,"{'id': None, 'name': 'Biztoc.com'}",cryptopolitan.com,Bitcoin blockchain ensures election integrity in Guatemala,"Amid growing concerns about electoral integrity worldwide, Guatemala stands out as a beacon of innovation. Harnessing the revolutionary power of blockchain technology, the nation is taking a pioneering step. Guatemala’s Supreme Election Tribunal is using Bitc…",https://biztoc.com/x/afe486f49a90c70a,https://c.biztoc.com/p/afe486f49a90c70a/s.webp,2023-09-25T09:04:10Z,"Amid growing concerns about electoral integrity worldwide, Guatemala stands out as a beacon of innovation. Harnessing the revolutionary power of blockchain technology, the nation is taking a pioneeri… [+291 chars]"
57,"{'id': None, 'name': 'Biztoc.com'}",news.bitcoin.com,"Venezuelan Authorities Find Grenade Launchers, Bitcoin Miners, and Even a Zoo in a National Jail","Venezuelan authorities found weapons, a discotheque, pools, a zoo, and even a makeshift Bitcoin mining farm during a raid on a national jail. #venezuelan",https://biztoc.com/x/0609797c1b089d4f,https://c.biztoc.com/p/0609797c1b089d4f/s.webp,2023-09-25T09:04:10Z,"Venezuelan authorities found weapons, a discotheque, pools, a zoo, and even a makeshift Bitcoin mining farm during a raid on a national jail.
#venezuelan
This story appeared on news.bitcoin.com, ."
58,"{'id': None, 'name': 'CryptoGlobe'}",CryptoGlobe Writer,SkyBridge Capital Founder Reveals Two Mega Catalysts for a 2024 Crypto Surge,"Former White House Director of Communications Anthony Scaramucci, who is the founder and managing partner of global alternative investment firm SkyBridge Capital, recently sat down with Scott Melker, host of “The Wolf of All Streets,” to discuss the key eleme…",https://www.cryptoglobe.com/latest/2023/09/skybridge-capital-founder-reveals-two-mega-catalysts-for-a-2024-crypto-surge/,https://media.cryptoglobe.com/2023/05/Bitcoins-and-Red-Ferrari-768x430.png,2023-09-25T09:03:23Z,"Former White House Director of Communications Anthony Scaramucci, who is the founder and managing partner of global alternative investment firm SkyBridge Capital, recently sat down with Scott Melker,… [+2928 chars]"
59,"{'id': None, 'name': 'CoinDesk'}",Shaurya Malwa,Terra Classic Community Votes to Stop USTC Minting as Revival Efforts Continue,"TerraUSD Classic, the stablecoin at the center of Terra’s implosion, will no longer be minted.",https://www.coindesk.com/tech/2023/09/25/terra-classic-community-votes-to-stop-ustc-minting-as-revival-efforts-continue/,https://www.coindesk.com/resizer/to06nDzXDO66M7dph_QFXGZopv0=/1200x628/center/middle/cloudfront-us-east-1.images.arcpublishing.com/coindesk/JCZN7KEMZBHFVDTNJYGBJDWAPI.jpg,2023-09-25T09:02:19Z,"The Terra Classic protocol will no longer mint terraUSD (USTC), the infamous token that slumped 99% amid the implosion of the once high-flying Terra protocol in 2022.
A community vote on Terra Class… [+2069 chars]"
60,"{'id': None, 'name': 'Biztoc.com'}",finbold.com,Willy Woo: Why buying Bitcoin on exchanges will NOT ‘moon the price’,"Despite prevailing views that the low amount of a digital asset on cryptocurrency exchanges equals high demand and, therefore, an increase in price, crypto market expert Willy Woo believes that buying up massive amounts of Bitcoin (BTC) from exchanges would n…",https://biztoc.com/x/7613c2a720014a2f,https://c.biztoc.com/p/7613c2a720014a2f/s.webp,2023-09-25T09:02:11Z,"Despite prevailing views that the low amount of a digital asset on cryptocurrency exchanges equals high demand and, therefore, an increase in price, crypto market expert Willy Woo believes that buyin… [+247 chars]"
61,"{'id': None, 'name': 'Forkast.news'}",Zac Townsend,SEC has lost again. What’s next for digital assets?,"With winds in its legal sails, crypto is now poised to evolve into a complete economy with its own financial products and capital markets. The question is when.",https://forkast.news/sec-lost-etf-whats-next-for-digital-assets/,https://forkast.news/wp-content/uploads/2023/09/FORKAST-IMAGES-6.png,2023-09-25T09:01:00Z,"Once again, the U.S. Securities and Exchange Commissions aggressive regulatory strategy for digital assets, which has been aptly dubbed regulation by enforcement, has come under fire. In a significan… [+5569 chars]"
62,"{'id': None, 'name': 'Ambcrypto.com'}",Suzuki Shillsalot,"Mixin network loses nearly $200 mln in hack, details here",The blockchain protocol has reported a significant hack resulting in losses of approximately $200 million.,https://ambcrypto.com/mixin-network-loses-nearly-200-million-in-hack-details-here/,https://statics.ambcrypto.com/wp-content/uploads/2023/09/ambcrypto_Hack_on_a_crypto_network_996e09eb-2450-45ca-bb8b-4f0549f75720_1200x900-1000x600.png,2023-09-25T09:00:17Z,"<ul><li>The network has been critiqued for relying on a centralized database, which poses a single point of failure.</li><li>Mixin Network’s founder announced plans to address the issue in a live str… [+2656 chars]"
63,"{'id': None, 'name': 'Finbold.com'}",Ana Nicenko,Willy Woo: Why buying Bitcoin on exchanges will NOT ‘moon the price’,"Despite prevailing views that the low amount of a digital asset on cryptocurrency exchanges equals high demand and, therefore, an … Continued
The post Willy Woo: Why buying Bitcoin on exchanges will NOT ‘moon the price’ appeared first on Finbold.",https://finbold.com/willy-woo-why-buying-bitcoin-on-exchanges-will-not-moon-the-price/,https://finbold.com/app/uploads/2023/09/Willy-Woo-Why-buying-Bitcoin-on-exchanges-will-NOT-‘moon-the-price.jpg,2023-09-25T08:55:10Z,"Despite prevailing views that the low amount of a digital asset on cryptocurrency exchanges equals high demand and, therefore, an increase in price, crypto market expert Willy Woo believes that buyin… [+2035 chars]"
64,"{'id': None, 'name': 'Biztoc.com'}",youtube.com,"If Bitcoin Doesn't Hold This Critical $26k Level, THIS Is My Next Target..","Bitcoin has broken down to a critical support and if it doesn't hold, we might see a serious drop. Sheldon the Sniper is going live to ... #sniper",https://biztoc.com/x/314e63c23b608f67,https://c.biztoc.com/p/314e63c23b608f67/s.webp,2023-09-25T08:48:10Z,"Bitcoin has broken down to a critical support and if it doesn't hold, we might see a serious drop. Sheldon the Sniper is going live to ...
#sniper
This story appeared on youtube.com, ."
65,"{'id': None, 'name': 'Biztoc.com'}",cryptopotato.com,"Dumps to 12-Day Low, Ripple (XRP) Slips Below $0.5 (Market Watch)","After the relatively silent weekend, bitcoin started to lose value hours ago and slumped to a 12-day low at just over $26,000. Most altcoins are in the red as well today, with XRP and Toncoin dropping by about 3%. BTC Down to $26K Bitcoin’s price went on the …",https://biztoc.com/x/beafa66ce37ef495,https://c.biztoc.com/p/beafa66ce37ef495/s.webp,2023-09-25T08:42:06Z,"After the relatively silent weekend, bitcoin started to lose value hours ago and slumped to a 12-day low at just over $26,000.Most altcoins are in the red as well today, with XRP and Toncoin dropping… [+286 chars]"
66,"{'id': None, 'name': 'Biztoc.com'}",cointelegraph.com,US gov't shutdown looms,"starts the last week of September with a retest of $26,000 as a stubborn range persists. An unimpressive weekly close sets the tone for the culmination of what is a traditionally lackluster month for BTC price action. Having shaken off a hectic week of macroe…",https://biztoc.com/x/3380e95113a58c91,https://c.biztoc.com/p/3380e95113a58c91/s.webp,2023-09-25T08:28:08Z,"starts the last week of September with a retest of $26,000 as a stubborn range persists.An unimpressive weekly close sets the tone for the culmination of what is a traditionally lackluster month for … [+295 chars]"
67,"{'id': None, 'name': 'Cointelegraph'}",Cointelegraph By William Suberg,US gov't shutdown looms — 5 things to know in Bitcoin this week,"Bitcoin starts the week with a trip to $26,000 — can BTC price strength overcome sellers and a weekly ""death cross?""",https://cointelegraph.com/news/us-govt-shutdown-looms-5-things-bitcoin-this-week,https://images.cointelegraph.com/images/1200_aHR0cHM6Ly9zMy5jb2ludGVsZWdyYXBoLmNvbS91cGxvYWRzLzIwMjMtMDkvODcyNTUxNjItMzgxZi00YjgyLWI5ZDQtNTFlODgxOTAyNTMyLmpwZw==.jpg,2023-09-25T08:21:57Z,"Bitcoin (BTC) starts the last week of September with a retest of $26,000 as a stubborn range persists.
An unimpressive weekly close sets the tone for the culmination of what is a traditionally lackl… [+9030 chars]"
68,"{'id': None, 'name': 'Biztoc.com'}",beincrypto.com,Price Erases September Gains,"price could not sustain its bounce last week, casting some doubt on the possibility that a bullish trend reversal began two weeks ago. A breakout from a descending resistance line in the daily timeframe would be required to confirm the trend as bullish. Bitco…",https://biztoc.com/x/8304022cdf9d10a1,https://c.biztoc.com/p/8304022cdf9d10a1/s.webp,2023-09-25T08:12:09Z,"price could not sustain its bounce last week, casting some doubt on the possibility that a bullish trend reversal began two weeks ago.A breakout from a descending resistance line in the daily timefra… [+297 chars]"
69,"{'id': None, 'name': 'Bitcoinist'}",Christian Encila,$440 Billion Bloodbath Ahead? Crypto Guru Drops Shocking Alert,"The crypto market cap is on the precipice of a significant decline, as analyst Nicholas Merten warns of a potential $440 billion reduction in overall market capitalization. This impending downturn is primarily attributed to the Federal Reserve’s recent hawkis…",http://bitcoinist.com/crypto-guru-drops-shocking-alert/,https://bitcoinist.com/wp-content/uploads/2023/09/a-82.png,2023-09-25T08:11:44Z,"The crypto market cap is on the precipice of a significant decline, as analyst Nicholas Merten warns of a potential $440 billion reduction in overall market capitalization. This impending downturn is… [+2600 chars]"
70,"{'id': None, 'name': 'Finbold.com'}",Ana Nicenko,"Ripple v. SEC case update as of September 25, 2023","With the cryptocurrency community still at the edge of its seat, waiting for the official end of the prolonged legal … Continued
The post Ripple v. SEC case update as of September 25, 2023 appeared first on Finbold.",https://finbold.com/ripple-v-sec-case-update-as-of-september-25-2023/,https://finbold.com/app/uploads/2023/09/Ripple-v.-SEC-case-update-as-of-September-25-2023.jpg,2023-09-25T08:09:57Z,"With the cryptocurrency community still at the edge of its seat, waiting for the official end of the prolonged legal battle between Ripple and the United States Securities and Exchange Commission (SE… [+2397 chars]"
71,"{'id': None, 'name': 'Biztoc.com'}",coindesk.com,"Crypto Traders Lean Bearish as Bitcoin Hovers Above $26K; DOGE, XRP Dip Most Among Majors","watchers are leaning bearish in the short term but expect prices to pick up once the anticipated halving event is complete in 2024, with expectations of a consolidation period until then. The industry’s oldest asset saw a tepid weekend marked by price stabili…",https://biztoc.com/x/d6270743e82d4dd5,https://c.biztoc.com/p/d6270743e82d4dd5/s.webp,2023-09-25T08:08:07Z,"watchers are leaning bearish in the short term but expect prices to pick up once the anticipated halving event is complete in 2024, with expectations of a consolidation period until then.The industry… [+262 chars]"
72,"{'id': None, 'name': 'Cointelegraph'}",Cointelegraph By Arijit Sarkar,Mixin Network hack drains $200M from mainnet assets,"Mixin Network appointed blockchain investigator SlowMist, as well as Google, to help investigate the hack as the Mixin team attempts a recovery.",https://cointelegraph.com/news/mixin-network-hack-200-m-crypto-assets,https://images.cointelegraph.com/images/1200_aHR0cHM6Ly9zMy5jb2ludGVsZWdyYXBoLmNvbS91cGxvYWRzLzIwMjMtMDkvZjM5MzhkN2UtODZkYi00ODY3LTllNGQtM2U4OTNmYjg4Y2ZmLmpwZw==.jpg,2023-09-25T08:05:07Z,"Decentralized peer-to-peer network Mixin Network has lost approximately $200 million in a hack involving the compromise of the database of a third-party cloud service provider.
On Sept. 25, Mixin Ne… [+2220 chars]"
73,"{'id': None, 'name': 'Biztoc.com'}",thecryptobasic.com,"XRP Surpasses BTC and ETH in Daily Transactions, Total Transactions Cross 2.6B","XRP total transactions have crossed the 2.6 billion mark, as daily transactions on the XRP network continue to surpass figures observed with Bitcoin (BTC) and Ethereum (ETH). In a recent interview at the Apex Dev Summit in Amsterdam, Marcus Infranger, Vice Pr…",https://biztoc.com/x/efff0a5cf56960d9,https://c.biztoc.com/p/efff0a5cf56960d9/s.webp,2023-09-25T08:04:08Z,"XRP total transactions have crossed the 2.6 billion mark, as daily transactions on the XRP network continue to surpass figures observed with Bitcoin (BTC) and Ethereum (ETH).In a recent interview at … [+297 chars]"
74,"{'id': None, 'name': 'Biztoc.com'}",cryptoslate.com,Risk aversion in markets as Bitcoin futures trading sees a significant decline,"Quick Take Bitcoin futures trading has seen a significant contraction from Jan. 2021 to Sept. 2023, with the total 24-hour USD value of traded futures contracts falling from $90 billion to $18 billion. This contraction can be attributed to several factors. Th…",https://biztoc.com/x/7c258a9fcd8ffca3,https://c.biztoc.com/p/7c258a9fcd8ffca3/s.webp,2023-09-25T08:02:08Z,"Quick TakeBitcoin futures trading has seen a significant contraction from Jan. 2021 to Sept. 2023, with the total 24-hour USD value of traded futures contracts falling from $90 billion to $18 billion… [+253 chars]"
75,"{'id': 'the-times-of-india', 'name': 'The Times of India'}",Navdeep Singh,"Crypto Price Today: Bitcoin trades below $26,200; Toncoin, XRP shed up to 3%","""The markets remained calm over the weekend with BTC failing to retain the $27,000 level. The rising crude oil process and geopolitical uncertainty may restrict the crypto market momentum in the coming weeks,"" Atulya Bhat, CMO of BuyUcoin, said.",https://economictimes.indiatimes.com/markets/cryptocurrency/crypto-prices-today-live-news-bitcoin-dogecoin-ethereum-shibha-inu-cryptocurrency-latest-updates-25-september-2023/articleshow/103926449.cms,"https://img.etimg.com/thumb/msid-103926477,width-1200,height-630,imgsize-103544,overlay-etmarkets/photo.jpg",2023-09-25T08:00:50Z,"The major crypto tokens were trading in the red on Monday. Bitcoin (BTC) fell 1.5% to $26,157, whereas Ethereum (ETH) was below the 1,600 level.Meanwhile, the global cryptocurrency market cap was tra… [+2007 chars]"
76,"{'id': None, 'name': 'Investing.com'}",U.Today,'Rich Dad Poor Dad' Author Kiyosaki Reveals True Wealth Secret Formula,'Rich Dad Poor Dad' Author Kiyosaki Reveals True Wealth Secret Formula,https://www.investing.com/news/cryptocurrency-news/rich-dad-poor-dad-author-kiyosaki-reveals-true-wealth-secret-formula-3181554,https://i-invdn-com.investing.com/news/Cryptocurrencies_800x533_L_1556528002.jpg,2023-09-25T08:00:24Z,"U.Today - Renowned financial expert and author of the best-selling book ""Rich Dad Poor Dad"", , began the new week by delivering a thought-provoking message. In a tweet, the seasoned entrepreneur, who… [+1348 chars]"
77,"{'id': None, 'name': 'CryptoSlate'}",James Van Straten,Risk aversion in markets as Bitcoin futures trading sees a significant decline,"Quick Take Bitcoin futures trading has seen a significant contraction from Jan. 2021 to Sept. 2023, with the total 24-hour USD value of traded futures contracts falling from $90 billion to $18 billion. This contraction can be attributed to several factors. Th…",https://cryptoslate.com/insights/risk-aversion-in-markets-as-bitcoin-futures-trading-sees-a-significant-decline/,https://cryptoslate.com/wp-content/uploads/2023/09/insights-bitcoin-futures-1.jpg,2023-09-25T08:00:11Z,"What is CryptoSlate Alpha?
A web3 membership designed to empower you with cutting-edge insights and knowledge. Learn more ›
Connected to Alpha
Welcome! You are connected to CryptoSlate Alpha. To m… [+972 chars]"
78,"{'id': None, 'name': 'Gadgets360.com'}","Radhika Parashar, Ketan Pratap","Crypto-Related Street Art Gaining Popularity in Europe, Aiming to Stir Awareness","A group called ‘Street Cy₿er’ has initiated a crypto awareness drive in European cities through the means of graffiti artwork and stickers. Street art related to Bitcoin and other cryptocurrencies, initiated by this group, has surfaced in Barcelona, London, B…",https://www.gadgets360.com/cryptocurrency/news/cryptocurrency-street-art-gaining-popularity-in-europe-stirs-awareness-mica-law-4421321,https://i.gadgets360cdn.com/large/crypto_art_twitter_streetcyber_large_1695628748541.jpg,2023-09-25T08:00:07Z,"Europe, where the rules overseeing the crypto sector have been pronounced clearly under the MiCA legislation is seeing an artsy crypto awareness drive shaping up along the empty boundary and building… [+2399 chars]"
79,"{'id': None, 'name': 'U.Today'}",U.Today,'Rich Dad Poor Dad' Author Kiyosaki Reveals True Wealth Secret Formula,Bitcoin enthusiast Robert Kiyosaki kicks off week with important message,https://u.today/rich-dad-poor-dad-author-kiyosaki-reveals-true-wealth-secret-formula,https://u.today/sites/default/files/styles/twitter/public/2023-09/s0149.jpg,2023-09-25T07:52:00Z,"Renowned financial expert and author of the best-selling book ""Rich Dad Poor Dad"", Robert Kiyosaki, began the new week by delivering a thought-provoking message. In a tweet, the seasoned entrepreneur… [+1646 chars]"
80,"{'id': None, 'name': 'Cointelegraph'}",Cointelegraph By Gareth Jenkinson,Vitalik wallet sends 400 ETH worth $600K to Coinbase,"Blockchain analytics highlights several ETH transfers from wallets linked to Ethereum co-founder Vitalik Buterin, totaling $3.9 million over the past 10 days.",https://cointelegraph.com/news/vitalik-wallet-sends-400-eth-worth-600k-to-coinbase,https://images.cointelegraph.com/images/1200_aHR0cHM6Ly9zMy5jb2ludGVsZWdyYXBoLmNvbS91cGxvYWRzLzIwMjMtMDkvODdhOGQxN2QtM2IyMy00MTc4LWJkNzgtZWExNmEwMTZkZTQ2LmpwZw==.jpg,2023-09-25T07:47:16Z,"Blockchain sleuths have flagged several Ether (ETH) transactions from a wallet associated with Ethereum co-founder Vitalik Buterin in September 2023, totaling over $3.9 million.
Separate blockchain … [+2043 chars]"
81,"{'id': None, 'name': 'CoinDesk'}",Shaurya Malwa,"Crypto Traders Lean Bearish as Bitcoin Hovers Above $26K; DOGE, XRP Dip Most Among Majors","While bitcoin is currently in a consolidation period, an analysis of past cycles suggests that gains can be expected after 2024’s halving event, one data firm said.",https://www.coindesk.com/markets/2023/09/25/crypto-traders-lean-bearish-as-bitcoin-hovers-above-26k-doge-xrp-dip-most-among-majors/,https://www.coindesk.com/resizer/AVoWSxFi7b1uBIA1MYMliNI9vqw=/1200x628/center/middle/cloudfront-us-east-1.images.arcpublishing.com/coindesk/FHUONZDL3FF25LQTCH6HDI7DGI.jpg,2023-09-25T07:40:36Z,"Bitcoin (BTC) watchers are leaning bearish in the short term but expect prices to pick up once the anticipated halving event is complete in 2024, with expectations of a consolidation period until the… [+1718 chars]"
82,"{'id': None, 'name': 'Biztoc.com'}",youtube.com,Bitcoin DCA Simulation,People often talk about dollar cost averaging (DCA) #Bitcoin. I wanted to go through several examples looking at the DCA strategy ... #dca,https://biztoc.com/x/a89f68ce9d436b63,https://c.biztoc.com/p/a89f68ce9d436b63/s.webp,2023-09-25T07:38:12Z,"People often talk about dollar cost averaging (DCA) #Bitcoin. I wanted to go through several examples looking at the DCA strategy ...
#dca
This story appeared on youtube.com, ."
83,"{'id': None, 'name': 'Forkast.news'}",Will Fee,"AI, Asia and analytics — an interview with Nansen’s Alex Svanevik",Blockchain analytics are key to understanding the nascent crypto industry. But the analysis sector is far from immune from the pressures of the ongoing crypto bear market. In the first of a series of 1-on-1 interviews from the Token2049 conference held in Sin…,https://forkast.news/ai-asia-analytics-nansen-alex-svanevik-interview/,https://forkast.news/wp-content/uploads/2023/09/alex_headshot_pointzero-1260x1296.jpg,2023-09-25T07:37:15Z,"It was a statement repeated often throughout Token2049. 
Bear markets have historically been good for innovation.
Norwegian Alex Svanevik and his team began building Nansen Pte Ltd in 2019 at the t… [+11103 chars]"
84,"{'id': None, 'name': 'newsBTC'}",Scott Matherson,Ethereum Founder Vitalik Buterin Reveals The Challenges Of The Network,"The Ethereum blockchain is notable for its smart contract functionality and various other things. However, many might not be conversant with the challenges the network encounters. In a recent interview, Ethereum’s founder, Vitalik Buterin, revealed the bigges…",http://www.newsbtc.com/news/ethereum/ethereum-challenges-vitalik-buterin/,https://www.newsbtc.com/wp-content/uploads/2023/09/Ethereum-founder-Vitalik-Buterin.jpeg?fit=2000%2C1333,2023-09-25T07:30:20Z,"The Ethereum blockchain is notable for its smart contract functionality and various other things. However, many might not be conversant with the challenges the network encounters. In a recent intervi… [+3530 chars]"
85,"{'id': None, 'name': 'Biztoc.com'}",barrons.com,"Coinbase Wants to Diversify Revenues. For Now, It’s Still All About Bitcoin","Coinbase Global executives for months have said they are seeking to diversify so they can make money no matter what happens in crypto trading. But for now, the company is highly dependent on traders, and specifically trading in Bitcoin, cryp...#coinbaseglobal",https://biztoc.com/x/f4547c41f5600a39,https://c.biztoc.com/p/f4547c41f5600a39/s.webp,2023-09-25T07:28:07Z,"Coinbase Global executives for months have said they are seeking to diversify so they can make money no matter what happens in crypto trading. But for now, the company is highly dependent on traders,… [+100 chars]"
86,"{'id': None, 'name': 'Biztoc.com'}",coindesk.com,Bitcoin and S&P 500 Eye Quarterly Loss as Bonds Look Most Attractive Since 2009,"and Wall Street's benchmark equity index, the S&P 500, appear on track to end the third quarter lower as a key metric shows the case for owning bonds over stocks and risk assets in general, is strongest since 2009. The top cryptocurrency by market value trade…",https://biztoc.com/x/969e565d019fdaad,https://c.biztoc.com/p/969e565d019fdaad/s.webp,2023-09-25T07:26:08Z,"and Wall Street's benchmark equity index, the S&amp;P 500, appear on track to end the third quarter lower as a key metric shows the case for owning bonds over stocks and risk assets in general, is st… [+277 chars]"
87,"{'id': None, 'name': 'Biztoc.com'}",youtube.com,BREAKING: OCTOBER WILL PUMP BITCOIN AND ETHEREUM!!! (most will miss out),Bybit $30'000 Starter Bonus: https://partner.bybit.com/b/startnow Subscribe to our second channel: @RealPumpamentals ...,https://biztoc.com/x/e96d01ab127a73f2,https://c.biztoc.com/p/e96d01ab127a73f2/s.webp,2023-09-25T07:24:11Z,"Bybit $30'000 Starter Bonus: https://partner.bybit.com/b/startnow Subscribe to our second channel: @RealPumpamentals ...
This story appeared on youtube.com, ."
88,"{'id': None, 'name': 'Biztoc.com'}",thecryptobasic.com,"El Salvador Bitcoin Advisor Shares 32 Years Old Patent Paper To Claim XRP is Centralized, Community Reacts","The prominent Bitcoin maximalist Max Keiser argued that XRP is centralized based on a 32-year-old patent, but the XRP community disagrees. Max Keiser, the Bitcoin Advisor to Nayib Bukele, the president of El Salvador, has taken to the X platform to unleash hi…",https://biztoc.com/x/e0f3eb90a6ea1d89,https://c.biztoc.com/p/e0f3eb90a6ea1d89/s.webp,2023-09-25T07:22:07Z,"The prominent Bitcoin maximalist Max Keiser argued that XRP is centralized based on a 32-year-old patent, but the XRP community disagrees.Max Keiser, the Bitcoin Advisor to Nayib Bukele, the presiden… [+315 chars]"
89,"{'id': None, 'name': 'Investing.com'}",Cointelegraph,"North Korean Lazarus Group amasses over $40M in Bitcoin, data reveals","North Korean Lazarus Group amasses over $40M in Bitcoin, data reveals",https://www.investing.com/news/cryptocurrency-news/north-korean-lazarus-group-amasses-over-40m-in-bitcoin-data-reveals-3181526,https://i-invdn-com.investing.com/news/LYNXMPEDB603J_L.jpg,2023-09-25T07:20:10Z,"North Korean hacking collective Lazarus Group holds a whopping $47 million in cryptocurrency, most of which is in Bitcoin (BTC), new data shows.
According to data collated on Dune Analytics from 21.… [+386 chars]"
90,"{'id': None, 'name': 'Biztoc.com'}",youtube.com,This Chart Predicted Every Major Turning Point For Bitcoin!,"This BTC chart has shown every pivotal price change in Bitcoin's lifecycle. In today's episode of Crypto Banter, Kyledoops delves ... #cryptobanter",https://biztoc.com/x/e56ed810715df92f,https://c.biztoc.com/p/e56ed810715df92f/s.webp,2023-09-25T07:10:27Z,"This BTC chart has shown every pivotal price change in Bitcoin's lifecycle. In today's episode of Crypto Banter, Kyledoops delves ...
#cryptobanter
This story appeared on youtube.com, ."
91,"{'id': None, 'name': 'Biztoc.com'}",youtube.com,They're Trying To CONTROL Bitcoin!! This Story Will SHOCK You!!,Get The Hottest Crypto Deals http://www.coinbureau.com/deals Insider Info in our Socials ...,https://biztoc.com/x/0d29031d94622b43,https://c.biztoc.com/p/0d29031d94622b43/s.webp,2023-09-25T07:10:12Z,"Get The Hottest Crypto Deals http://www.coinbureau.com/deals Insider Info in our Socials ...
This story appeared on youtube.com, ."
92,"{'id': None, 'name': 'Biztoc.com'}",dailyhodl.com,Bitcoin Flashing Relative Strength Against Stock Market Despite Deteriorating Macro Conditions: Analytics Firm,"New data from IntoTheBlock reveals that Bitcoin (BTC) is showing relative strength against the stock market amid declining macroeconomic conditions. In a new article, Lucas Outumuro, the analytics firm’s head of research, says that the crypto king’s price act…",https://biztoc.com/x/4d111b39bd15c444,https://c.biztoc.com/p/4d111b39bd15c444/s.webp,2023-09-25T07:10:10Z,"New data from IntoTheBlock reveals that Bitcoin (BTC) is showing relative strength against the stock market amid declining macroeconomic conditions.In a new article, Lucas Outumuro, the analytics fir… [+270 chars]"
93,"{'id': 'the-times-of-india', 'name': 'The Times of India'}",Spotlight Wire,"Bitcoin holds $26,000 resistance, Everlodge prices rise 80%","Although under selling pressure, Bitcoin is able to keep above the $26,000 level, while Everlodge achieves impressive increases during its early presale stage. What you should know is as follows.",https://economictimes.indiatimes.com/markets/cryptocurrency/bitcoin-holds-26000-resistance-everlodge-prices-rise-80/articleshow/103924516.cms,"https://img.etimg.com/thumb/msid-103924718,width-1200,height-630,imgsize-388856,overlay-etmarkets/photo.jpg",2023-09-25T07:09:37Z,"Bitcoin manages to hold above the $26,000 mark but remains under selling pressure, while Everlodge experiences remarkable gains in its early presale phase. Heres what you need to know.Click Here To F… [+3659 chars]"
94,"{'id': None, 'name': 'The Daily Hodl'}",Daily Hodl Staff,Bitcoin Flashing Relative Strength Against Stock Market Despite Deteriorating Macro Conditions: Analytics Firm,"New data from IntoTheBlock reveals that Bitcoin (BTC) is showing relative strength against the stock market amid declining macroeconomic conditions. In a new article, Lucas Outumuro, the analytics firm’s head of research, says that the crypto king’s price act…",https://dailyhodl.com/2023/09/25/bitcoin-flashing-relative-strength-against-stock-market-despite-deteriorating-macro-conditions-analytics-firm/,https://dailyhodl.com/wp-content/uploads/2023/03/Catalyst-for-Bitcoin-Looming.jpg,2023-09-25T07:04:03Z,"New data from IntoTheBlock reveals that Bitcoin (BTC) is showing relative strength against the stock market amid declining macroeconomic conditions.
In a new article, Lucas Outumuro, the analytics f… [+2258 chars]"
95,"{'id': None, 'name': 'Biztoc.com'}",watcher.guru,Bitcoin Market to See Capital Influx of $300 Billion: Morgan Creek CEO,"A few hours ago, Bitcoin dropped below the $26,000 threshold and created a low of around $25,987. However, many in the community believe that BTC’s “fair value” is much higher. According to Mark Yusko, founder and CEO of Morgan Creek Capital Management, the l…",https://biztoc.com/x/57c00b70fe2a8567,https://c.biztoc.com/p/57c00b70fe2a8567/s.webp,2023-09-25T07:00:10Z,"A few hours ago, Bitcoin dropped below the $26,000 threshold and created a low of around $25,987. However, many in the community believe that BTCs fair value is much higher. According to Mark Yusko, … [+273 chars]"
96,"{'id': None, 'name': 'Biztoc.com'}",coindesk.com,Bitcoin and S&P 500 Eye Quarterly Loss as Bonds Look Most Attractive Since 2009,"and Wall Street's benchmark equity index, the S&P 500, appear on track to end the third quarter lower as a key metric shows the case for owning bonds over stocks and risk assets in general, is strongest since 2009. The top cryptocurrency by market value trade…",https://biztoc.com/x/b250b83e232aaf08,https://c.biztoc.com/p/b250b83e232aaf08/s.webp,2023-09-25T06:58:06Z,"and Wall Street's benchmark equity index, the S&amp;P 500, appear on track to end the third quarter lower as a key metric shows the case for owning bonds over stocks and risk assets in general, is st… [+277 chars]"
97,"{'id': None, 'name': 'Investing.com'}",Cointelegraph,From walls to wallets: Barcelona graffiti artists share their love for Bitcoin,From walls to wallets: Barcelona graffiti artists share their love for Bitcoin,https://www.investing.com/news/cryptocurrency-news/from-walls-to-wallets-barcelona-graffiti-artists-share-their-love-for-bitcoin-3181456,https://i-invdn-com.investing.com/news/LYNXMPEDB603J_L.jpg,2023-09-25T06:40:11Z,"From skate parks and construction sites to train stations and bus stops, a pair of Bitcoin-loving graffiti artists from Barcelona, Spain have been working tirelessly to spread the good word about Bit… [+709 chars]"
98,"{'id': None, 'name': 'CoinDesk'}",Omkar Godbole,Bitcoin and S&P 500 Eye Quarterly Loss as Bonds Look Most Attractive Since 2009,"Relative attractiveness of bonds means less incentive to invest in bitcoin. The leading cryptocurrency is considered a zero-yielding risk asset, by some observers.",https://www.coindesk.com/markets/2023/09/25/bitcoin-and-sp-500-eye-quarterly-loss-as-bonds-look-most-attractive-since-2009/,https://www.coindesk.com/resizer/GKeWP-rfeatwf1UGIGUZlP9HBAA=/1200x628/center/middle/cloudfront-us-east-1.images.arcpublishing.com/coindesk/GHVVMQTJQBFMTDUWIJI33EGR6A.jpg,2023-09-25T06:39:19Z,"Bitcoin (BTC) and Wall Street's benchmark equity index, the S&amp;P 500, appear on track to end the third quarter lower as a key metric shows the case for owning bonds over stocks and risk assets in … [+2334 chars]"
99,"{'id': None, 'name': 'Investing.com'}",Investing.com,Coinbase facing challenges in diversifying revenue streams amid declining crypto trading volumes,Coinbase facing challenges in diversifying revenue streams amid declining crypto trading volumes,https://www.investing.com/news/cryptocurrency-news/coinbase-facing-challenges-in-diversifying-revenue-streams-amid-declining-crypto-trading-volumes-93CH-3181445,https://i-invdn-com.investing.com/news/CryptoBitcoindigital_800x533_L_1641975060.jpg,2023-09-25T06:30:28Z,"Coinbase (NASDAQ:COIN) Global, a major cryptocurrency exchange, continues its efforts to diversify its revenue sources beyond the unpredictable cryptocurrency trading market, despite the company's he… [+2651 chars]"
