date,time,title,content,press,link,UTC-time,UTC-date
2017-11-04,2017-11-04 09:56:45,잠잠한 북한…트럼프 순방기간 도발 가능성은,"
			잠잠한 북한…트럼프 순방기간 도발 가능성은[앵커] 북한은 최근 50일째 도발을 자제하고 있습니다. 도널드 트럼프 미국 대통령의 아시아 순방 기간에도 '숨고르기 모드'가 이어질지 관심이 쏠리는데요.존재감 과시를 위해 도발을 감행할 수 있다는 관측도 있지만, 미-중 정상회담 등 순방 결과를 지켜볼 것이란 전망에 힘이 실립니다. 이승국 기자입니다.[기자]도널드 트럼프 미국 대통령의 아시아 순방을 하루 앞두고 미국의 전략폭격기 B-1B 편대가 한반도에 출격해 가상 공대지 폭격 훈련을 실시했습니다.이와 함께 한반도 주변에 모인 미 핵 항공모함 3개 전단이 순방기간 합동 훈련을 벌일 가능성도 제기되고 있습니다.트럼프 대통령의 순방과 맞물려 날로 거세지는 미국의 군사 압박에 북한은 강한 어조의 비난으로 맞받았습니다.&lt;조선중앙TV&gt; ""우리 공화국을 기어이 핵으로 압살하려는 날강도 미제의 광란적인 위협·공갈 책동은 10월에 이어 11월에도 계속되고 있습니다.""하지만 북한은 지난 9월 15일 중장거리 탄도미사일 '화성-12형'을 발사한 이후 50일째 도발을 자제하고 있습니다.문재인 정부 들어 가장 긴 '도발 휴지기'가 이어지고 있는 겁니다.외신 등 일각에서 북한이 존재감을 과시하려 트럼프 대통령의 아시아 순방기간 중 고강도 도발에 나설 수 있다는 관측도 나오지만, 당분간 상황을 지켜보며 '숨고르기 모드'를 좀 더 이어갈 것이란 전망에 힘이 실립니다.&lt;김대영 / 한국국가전략연구원 연구위원&gt; ""미국의 막강한 전략자산들이 한반도 주변에 있기 때문에 북한 입장에서는 도발할 경우 자신들도 강력한 피해를 볼 수 있다는 걸 알기 때문에 가급적 도발을 자제할 것으로 생각됩니다.""군 당국은 북한군의 특이 징후는 포착되지 않고 있지만 강화된 대북 경계 태세를 유지하고 있다고 밝혔습니다.연합뉴스TV 이승국입니다.연합뉴스TV : 02-398-4441(기사문의·제보) 카톡/라인 jebo23  ▶ 연합뉴스TV 생방송 시청   ▶ 뉴스스탠드 구독 ▶ 대한민국 뉴스의 시작, 연합뉴스TV 앱 다운받기
",연합뉴스TV언론사 선정,https://n.news.naver.com/mnews/article/422/0000285714?sid=100,2017-11-04 00:56:45,2017-11-04
2017-11-04,2017-11-04 09:01:08,CME 비트코인 거래 개시 소식에 계좌 개설 열풍,"




[아시아경제 황준호 기자]  세계 최대 파생상품 거래소인 미국 시카고상품거래소(CME)가 비트코인 선물 거래를 연내 개시하겠다고 밝히면서, 미국에서 암호화폐 거래를 위한 계좌 개설 열풍이 불고 있다. 알타나 디지털 커런시 펀드(Altana Digital Currency Fund)의 창업자이자 투자 전문가인 알리스타 밀른은 2일(현지시간) 트위터를 통해 미 최대 암호화폐거래소인 코인베이스의 가입자가 하루 만에 10만명이나 증가했다고 올렸다. 코인베이스는 1190만명이 비트코인, 이더리움 등 암호화폐를 거래하는 곳으로 알려진다. 암호화폐 거래에 대한 지대한 관심은 CME가 연내 비트코인 선물 거래에 나서겠다고 나서면서 시작됐다. 비트코인의 선물 거래가 개시되면 암호화폐를 직접적으로 거래할 수 없는 대형 투자자들이 비트코인의 상승과 하락 등 가격 흐름에 투자할 수 있게 된다. 비트코인 투자자들은 CME의 발표를 미국이 비트코인을 제도권 내 품겠다는 뜻으로 받아들이며, 비트코인 가격을 사상 최고치인 7454.04달러(3일)까지 올려놨다. 미 경제 채널 CNBC는 그간 암호화폐는 암호화폐 옹호론자의 지지와 불법적인 거래를 위한 수단으로 사용돼 왔으나 암호화폐의 거래, 비트코인의 채굴, 채굴장비 거래 등 하나의 사업군을 형성할 정도로 성장하게 됐다고 평가했다. 황준호 기자 rephwang@asiae.co.kr▶ 양낙규의 '군사이야기'▶ 2017아시아여성리더스포럼 ▶ #아시아경제 페이스북&lt;ⓒ세계를 보는 창 경제를 보는 눈, 아시아경제 무단전재 배포금지&gt;
",아시아경제,https://n.news.naver.com/mnews/article/277/0004111061?sid=105,2017-11-04 00:01:08,2017-11-04
2017-11-04,2017-11-04 15:37:27,"스파크랩, 1천억 규모 블록체인 투자 펀드 출범","
			 스파크랩 그룹은 블록체인과 암호화 화폐 기업 투자 펀드인 ‘스파크체인 캐피탈’을 출범했다고 4일 밝혔다.  스파크체인 캐피탈은 1억 달러(약 1000억원) 규모 펀드다. 디지털 화폐결제 플랫폼인 ‘스텔라’의 설립자이자 암호화 화폐 전문가인 조이스 김이 운영 파트너로서 펀드를 이끌 예정이다.  이 펀드는 스파크랩 그룹 내 네트워크를 활용해 전 세계 블록체인 및 암호화 화폐 분야 우수 초기 기업에 투자할 예정이다. 주로 한국, 중국, 일본 등 블록체인 시장이 활성화 되어 있는 아시아 국가 내 스타트업을 적극 발굴한다는 계획이다.  앞서 스파크랩 그룹은 액셀러레이터(창업보육) 프로그램을 통해 한국 블록체인 업체 ‘블로코’와 비트코인 송금 회사인 ‘센트비’에 투자한 바 있다. 또 스파크랩 그룹의 글로벌 시드펀드인 ‘스파크랩 글로벌’을 통해 블록체인 결제 시스템 개발사인 ‘사이렉스(Cyrex)’ 등 다수의 암호화 화폐 관련 기업에 투자했다.  스파크체인 캐피탈 운영파트너 조이스 김은 “블록체인과 암호화 화폐 분야에서 다년간 쌓아온 경험을 바탕으로 역량 있는 초기 기업들을 발굴할 것”이라며 “업계 최고 수준의 보안전문가 및 펀드 자문 변호사를 영입해 미 증권거래위원회(SEC) 기준을 충족할 수 있는 모든 준비가 완료 됐다”고 말했다. elikim@fnnews.com 김미희 기자   ▶ 세상의 모든 골 때리는 이야기 'fn파스'▶ 속보이는 연예뉴스 fn스타  ※ 저작권자 ⓒ  파이낸셜뉴스. 무단 전재-재배포 금지
		",파이낸셜뉴스,https://n.news.naver.com/mnews/article/014/0003900141?sid=105,2017-11-04 06:37:27,2017-11-04
2017-11-05,2017-11-05 01:34:20,"가상화폐, 금융시장의 새로운 쓰나미","
비트코인·이더리움 등 1000종류상위 10개 시가총액만 150조원빠르고 거래비용 거의 들지 않아ICO 투자 유치, 환전 등 활용 늘어 ━   런던 아이(London Eye)     



     지난 9월 29일 한국 금융위원회가 가상화폐로 자본금을 조달하는 ‘신규코인발행(ICO, Initial Coin Offering)’을 금지함에 따라 가상화폐(코인)가 도리어 전 세계적 주목을 받고 있다. 중국은 ICO 금지와 동시에 코인 거래 자체를 막았다. 각국 정부의 ICO 규제 조치는 금융 소비자를 보호하려는 의도로 해석된다. ICO는 기업공개(IPO)와 달리 금융 기관의 감독 대상에서 제외돼 있기 때문이다. 또 투자자의 권리가 아주 애매해 특정 세력에 의해 악용될 소지가 충분하다.      비트코인은 가장 널리 알려진, 그리고 최초의 디지털 화폐다. 비트코인을 비롯한 가상화폐는 블록체인이라 불리는 ‘개인간 거래(P2P) 시스템’으로 운영된다. 분산화 컴퓨팅을 기반으로 한 블록체인은 모든 시장 참여자에게 거래 사실이 전송되기 때문에 중앙 정부를 필요로 하지 않는다. 암호화 기술의 발달은 디지털 화폐 시장의 팽창을 불러왔다. 현재 거래되는 가상화폐만 하더라도 1000종류 가까이 된다. 비트코인이 여전히 가장 큰 시장 가치를 지니고 있지만 다른 가상화폐도 시가총액을 모두 합치면 비트코인과 맞먹을 정도로 성장했다. 이더리움과 리플은 각각 2위와 3위다. 이더리움은 이미 ICO 시장에서 비트코인과 경쟁할 수준까지 성장했다. 리플은 시가총액 100억 달러, 매장량 150억 달러며 거래량으로 볼 때 한국 시장에서 가장 인기 있는 가상화폐다.     ━   가상화폐 거래량 1·2위 거래소 한국에      



     



     현재 가상화폐 시장은 매일 극심하게 출렁인다. 그렇지만 추세적으로 볼 때 이들의 가격은 상승하고 있다. 상위 10개 가상화폐의 시가총액을 모두 합하면 1360억 달러(약 150조원)를 넘고, 비트코인 하나만 하더라도 80억 달러(약 9조원) 이상이다. 이는 전 세계 기업 가운데 시가총액 115위에 해당하는 수준이다. 비트코인 가격은 1년 만에 6배 가까이 올랐고 중국과 한국 당국의 규제 조치에도 상승세가 꺾이지 않았다.      블록체인 시스템의 익명성은 강점과 약점을 동시에 내포하고 있다. 강점은 거래 과정에서 모든 시장 참여자에게 데이터가 전송돼 투명성이 확보된다는 것이고, 약점은 범죄자들이 악용할 것이라는 우려다. 실제로 범죄자들이 가상 화폐를 현금으로 인출하는 데 몇 차례 성공했다. 래리 서머스 전 미 재무장관은 이런 행위를 금지해야 한다고 주장하고 있다. 만약 현재 제도권이 사용하는 고객신원확인(KYC) 시스템을 통해 철저히 조사한다면 사기꾼들의 행위는 줄어들 것이다. 그렇지만 기존 제도권 금융과 똑같은 잣대로 규제하는 이런 방식은 결국 수포로 돌아갈 것이다.      새로운 금융시스템에는 새로운 룰이 필요하다. 예를 들어 현재 전 세계적으로 통용되는 국제은행 간 통신협정(SWIFT·스위프트)은 터무니없이 비싼 수수료(환율 포함)가 필요하고 거래를 완료하는 데까지 2~3일이 걸린다. 가상화폐는 수수료가 거의 없이 15~20분 만에 국제 송금이 가능하다. 이런 상황에서 기존 결제 시스템인인 스위프트가 살아남을 수 있다고 보는가.      비트코인을 비롯한 가상 화폐의 시장 규모가 커지면서 이종의 가상 화폐를 서로 환전하려는 수요 또한 늘고 있다. 현재 가상화폐 간 교환 거래량은 하루에 3조 달러에 달한다. 세계에서 가장 거래량이 많은 가상화폐 거래소 두 곳은 빗썸과 코인원으로 모두 한국에 있다. 원-리플 환전 거래량은 비트코인-달러 환전 거래량보다 많을 정도다.     ━   거품 논란 속 상업은행도 뛰어들 채비      가상화폐 거래소의 출현은 ICO라는 새로운 자금조달 방식으로 이어졌다. 소규모 신생 기업이라 할지라도 가상화폐를 발행하는 방식으로 쉽게 자금을 끌어모으게 된 것이다. 코인 형태의 투자금은 거래소를 통해 실제 화폐로 환전할 수 있다. 올해에만 175건의 ICO가 진행됐고, 이를 통해 27억2000만 달러(약 3조원)의 투자금을 모았다. 가장 규모가 큰 ICO 두 건의 경우, 짧은 시간에 25억 달러 이상 모금하는 데 성공했다. 둘 다 비트코인과 이더리움을 이용했다. 스위스의 밴코라는 회사는 불과 3시간 만에 1억5300만 달러(약 1700억원)를 모았다. ICO와 관련한 금융당국의 우려 가운데 가장 큰 문제는 투자자 보호다. ICO에 참여한 투자자들은 자신들의 권리를 대개 제대로 인정받지 못한다. 분명히 ICO는 소비자 보호가 거의 없는 위험한 도박성 투자다.      앞서 언급했듯이 한국은 가상화폐 거래소 상위 10곳 가운데 세 곳이 있을 정도로 가상화폐 분야에서 선두에 서 있다. 과열을 막는다는 측면에서 한국 금융위원회의 ICO 금지 결정은 충분히 이해할 수 있다. 그렇지만 일본은 비트코인을 합법적인 결제 수단으로 인정하고 가상통화 11종류의 거래를 허용하는 정책을 내놨다. 이런 사실을 고려할 때 최근 중국이나 한국의 개입은 미성숙한 조치였다. ICO를 전면 불허하는 대신 일반 투자자를 상대로 리스크에 대한 정확하고 적합한 정보를 제공해달라는 조치 정도로 충분했다. 촘촘한 규제보다 전체 비트코인 시장을 포괄적으로 감독하는 방식이 가상화폐 시장에서 한국의 비교 우위를 유지시키는 방법이 될 것이다.      JP모건의 최고경영자(CEO) 제이미 다이먼은 비트코인을 곧 탄로날 사기라고 비난했다. 케네스 로고프 하버드대 교수를 비롯한 다수 학자들은 비트코인의 현 가격이 거품이라고 주장한다. 일정 측면에서 이 같은 우려는 앞서 언급한 바와 같이 충분한 근거가 있다. 그렇지만 혁신의 쓰나미는 은행가나 규제 당국에 의해 가로막히지 않을 것이다. 스위스 UBS는 도이체방크·HSBC 등과 컨소시엄을 맺고 디지털 화폐인 ‘공용결제화폐(USC)’를 개발해 내년 상용화에 나설 예정이다.      블록체인 기술을 기반으로 한 가상화폐는 돈이 발명된 이래 가장 큰 금융 혁신이다. 가상화폐는 금융 중개에 있어 가장 강력한 수단이 됐으며 이젠 아무도 그 흐름을 막을 수 없다. 규제 중심의 제도권 금융은 밖에서 기술 혁신의 형태로 나타난 새로운 적수를 만나게 됐다. 지금까지 은행들은 새로운 기술 혁신에 민첩하게 대응하지 않았다. 제도권 금융은 이제 자신들의 미래를 걱정해야 한다. 시그널은 명확하다. 가상화폐는 이미 나타나 있고 이제 새로운 자산 형성 수단으로 인정해야 한다.    



     로리 나이트     전 옥스퍼드대 경영대학장  ▶중앙SUNDAY [페이스북] [구독신청] [PDF열람]ⓒ중앙SUNDAY(http://sunday.joins.com) and JTBC Content Hub Co., Ltd. 무단 전재 및 재배포 금지
		",T19면 TOP,https://n.news.naver.com/mnews/article/353/0000028575?sid=101,2017-11-04 16:34:20,2017-11-04
