date,title,link,content
2023-08-24 10:52:24,"삼성전자, 톰 브라운과 네 번째 폴더블 협업 예고",https://n.news.naver.com/mnews/article/001/0014149088?sid=105,"[




삼성전자 x 톰 브라운[삼성전자 제공. 재판매 및 DB 금지](서울=연합뉴스) 오규진 기자 = 삼성전자가 미국 패션 브랜드 톰 브라운과 네 번째 폴더블 스마트폰 협업을 24일 예고했다.     삼성전자는 유튜브, 페이스북, 인스타그램 등 공식 소셜미디어(SNS) 채널에 '톰 브라운 에디션: 테이블에 앉으십시오'라는 제목의 8초짜리 티저 영상을 올렸다.    영상은 클래식이 흐르는 고급 음식점에서 식사하는 콘셉트로 구성됐으며, 메인 요리를 열면 톰 브라운 특유의 줄무늬 모양을 한 폴드형 스마트폰 모형이 나타난다.    제품, 출시일, 가격 등은 추후 공개할 예정이다.    삼성전자는 2020년 3월 갤럭시 Z플립을 시작으로, 같은 해 9월 갤럭시 Z폴드2, 2021년 9월 갤럭시 Z폴드3·플립3 톰 브라운 에디션을 선보였다.    판매가는 부품 가격 상승 등의 영향으로 갤럭시 Z폴드3·플립3 톰 브라운 에디션 대비 오를 것으로 예상된다. 갤럭시 Z폴드5 256GB 모델의 경우 209만7천700원으로 전작인 갤럭시 Z폴드4 대비 가격이 약 10만 원 올랐다.    acdc@yna.co.kr
]"
2023-08-23 11:05:08,"삼성전자, 세계 최초 듀얼 UHD 게이밍 모니터 공개",https://n.news.naver.com/mnews/article/003/0012045768?sid=101,"[
독일 게임전시회 '게임스컴 2023'서 첫선오디세이 네오 G9·오디세이 아크 신제품 공개



[서울=뉴시스]삼성전자 오디세이 네오 G9. (사진 = 업체 제공) 2023.8.23. photo@newsis.com  *재판매 및 DB 금지[서울=뉴시스]이현주 기자 = 삼성전자가 23일부터 27일까지(현지시간) 독일 쾰른에서 열리는 '게임스컴 2023(Gamescom 2023)'에 참가해 게이밍 모니터 신제품을 공개한다.게임스컴은 약 1100개 하드웨어·소프트웨어·게임 콘텐츠 제작사가 참여하는 세계 최대 규모 게임전시회다. 삼성전자는 752㎡(약 227평)의 역대 최대 규모 전시장을 마련하고 57형 오디세이 Neo G9·오디세이 아크·49형 오디세이 OLED 등 최고 사양의 게이밍 모니터를 대거 선보인다.세계 최초 듀얼 UHD 커브드 게이밍 모니터 '오디세이 네오 G9'삼성전자는 세계 최초 듀얼 UHD 해상도가 적용된 게이밍 모니터 오디세이 네오 G9(G95NC)을 게임스컴에서 선보인다.오디세이 네오 G9은 57형에 32대9 슈퍼 울트라 와이드 비율, 1000R 곡률, 듀얼 UHD(7680x2160) 해상도를 지원하며, 32형 크기의 UHD(3840x2160) 모니터 두 대를 나란히 붙여 놓은 것 같은 형태로 넓은 화면을 제공하는 것이 특징이다.HDMI 2.1뿐 아니라 DP 2.1도 탑재돼 PC 연결성도 강화했다. DP(DisplayPort) 2.1은 DP 1.4 대비 약 2배 이상 빠른 데이터 전송 속도로 초고화질 영상과 실감나는 게임 플레이가 가능하며, 시각적 무손실 압축 DSC(Display Stream Compression) 코덱을 적용해 영상 정보를 왜곡 없이 전송한다.또 '퀀텀 미니 LED'와 '퀀텀 매트릭스 기술'을 적용해 뛰어난 화질을 자랑한다. 기존 제품 대비 40분의 1 크기의 초소형 LED는 밝기와 명암을 더 섬세하게 제어하고 고대비 영역에서의 빛 번짐을 줄여 편안한 게임 화면을 구현한다.정확한 색과 대비 표현, 최대 1000니트 밝기와 VESA(비디오전자공학표준협회) Display HDR™ 1000 인증을 받았으며, 매트 디스플레이(Matte Display)를 적용해 자연광이나 반사광으로 인한 화질 저하와 눈부심 없이 게임에 더 집중할 수 있다.오디세이 네오 G9은 최대 240㎐의 고주사율과 1ms(0.001초, GTG 기준)의 빠른 응답 속도를 갖춰 강력한 게이밍 퍼포먼스를 지원한다. 화면 지연이나 모션블러 현상을 없애 캐릭터의 움직임을 부드럽게 표현하므로 FPS와 같이 화면 전환이 빠르고 동적인 게임에 적합하다.동작이 빠르고 복잡한 게임 장면에서 끊김이나 이미지 깨짐 현상을 방지하는 'AMD 프리싱크 프리미엄 프로(AMD FreeSync™ Premium Pro)' 기술도 적용돼 HDR 환경에서도 더 밝고 생생한 게임 플레이를 즐길 수 있다.이밖에도 두 대의 PC를 연결해 동시에 각 화면을 출력하는 PBP(Picture By Picture) 모드와 화면안에 작은 화면을 띄울 수 있는 PIP(Picture In Picture) 모드를 모두 지원해 게임과 동시에 영상 콘텐츠를 감상하는 등 멀티 태스킹이 가능하다. 오디세이 네오 G9은 CES 2023에서 컴퓨터 주변기기 부문 '최고 혁신상'을 수상한 바 있다. 국내에서는 오는 30일부터 판매를 시작하며, 제품 출고가는 280만원이다.



[서울=뉴시스]삼성전자 오디세이 아크. (사진 = 업체 제공) 2023.8.23. photo@newsis.com  *재판매 및 DB 금지한층 더 강화된 기능 '오디세이 아크' 첫 공개삼성전자는 게임스컴 2023에서 한층 강화된 성능의 오디세이 아크를 처음으로 공개한다. 오디세이 아크(G97NC) 55형은 기존 모델(G97NB) 대비 연결성과 편의성을 대폭 강화했다.3개의 HDMI 포트 외 1개의 DP 포트를 추가해 IT 기기 연결성을 높였고, KVM(Keyboard, Video monitor, Mouse) 스위치 기능을 새로 탑재해 하나의 키보드·마우스로 최대 4대의 PC까지 자유롭게 제어할 수 있다.특히 오디세이 아크만의 새로운 멀티뷰 기능을 이용하면, 최대 4개의 외부기기 동시 입·출력이 가능해 게임 플레이와 동시에 다양한 멀티미디어 콘텐츠를 감상하는 등 이전보다 더욱 풍부한 멀티태스킹 경험을 즐길 수 있다.오디세이 아크는 세로형 콕핏 모드(Cockpit Mode)가 가능한 게이밍 모니터로, 1000R 곡률의 풀 스케일 화면으로 게이밍 경험을 확장한다.이 제품은 '플렉스 무브 스크린(Flex Move Screen)' 기능을 통해 사용자가 화면의 크기·비율·위치를 자유롭게 선택해 사용할 수 있다. 어드벤처·시뮬레이션·RPG·FPS 등 게임 특성에 최적화된 모드 설정이 가능하다.오디세이 아크 역시 '퀀텀 미니 LED'를 광원으로 사용하고 매트 디스플레이를 적용해 다양한 장르의 게임을 고화질로 즐길 수 있다. ▲4K UHD 해상도(3840x2160) ▲최대 165㎐ 고주사율 ▲ 최대 1ms의 빠른 응답속도를 갖춰 게임 플레이에 몰입감을 더한다.스트리밍 게임 플랫폼 서비스인 '삼성 게이밍 허브'가 내장되어 있어 사용자는 별도 기기 연결이나 다운로드, 저장 공간의 할애 없이 클라우드 게임을 간편하게 즐길 수 있다.오디세이 아크 신제품은 9월 중 판매를 시작할 예정이다．
]"
2023-08-24 10:32:05,"""AI로 맞춤형 제공""… 삼성전자, IFA서 '삼성 푸드' 글로벌 론칭",https://n.news.naver.com/mnews/article/417/0000944089?sid=101,"[




박찬우 삼성전자 생활가전사업부 부사장이 24일 서울 중구 삼성전자 기자실에서 열린 미디어브리핑에서 삼성 푸드를 소개하고 있다. / 사진=삼성전자  삼성전자가 인공지능(AI) 기반 개인 맞춤형 식경험을 제공하는 푸드 통합 플랫폼인 '삼성 푸드'를 선보인다.박찬우 삼성전자 생활가전사업부 부사장은 24일 서울 중구 삼성전자 기자실에서 열린 미디어브리핑에서 ""다음달 1일부터 독일 베를린에서 개최되는 유럽 최대 가전전시회 'IFA 2023'에서 '삼성 푸드'를 글로벌 론칭할 예정""이라고 밝혔다.삼성 푸드는 ▲레시피 검색저장 ▲식단 계획 ▲식재료 관리 등 사전 준비 단계부터 ▲조리 ▲콘텐츠 공유 등 식생활 전반에 필요한 기능을 하나의 플랫폼에서 제공한다.삼성 푸드는 16만개 이상의 레시피를 기본 제공하며 검색을 통해 사용자가 관심 있거나 저장하고자 하는 레시피를 추가할 수 있다.'푸드 AI' 기술이 접목돼 개인별 음식 선호와 원하는 영양 균형 수준, 음식 종류 기반의 맞춤형 레시피도 제공한다.육식 메뉴를 고기 없이 조리할 수 있는 비건 레시피로 변경하거나 이탈리아 메뉴인 '뇨끼'를 한식 스타일로 바꿔 퓨전 요리 레시피로 제안해준다.조리 난이도와 조리 소요시간 등 개인의 숙련도와 여유 시간 등의 상황에 맞게 요리할 수 있는 방법도 안내해준다.삼성 푸드는 선호비선호 식재료, 가족 구성원, 요리 경험, 영양 등 개인의 취향과 라이프스타일을 반영해 맞춤형 식단 계획도 제안하며, 사용자가 섭취할 음식의 영양 성분을 알려줘 보다 건강한 식생활이 가능하게 한다.



삼성푸드 이미지 /사진=삼성전자 맞춤형 레시피의 조리 값은 '비스포크 오븐'으로 바로 전송한다. 삼성전자는 비스포크 오븐을 시작으로 연말까지 '비스포크 인덕션'과 '비스포크 전자레인지' 등 다양한 주방 가전과 삼성 푸드를 연동해 편의성을 높일 계획이다.삼성 푸드는 모바일 뿐 아니라 비스포크 냉장고의 패밀리허브에서도 사용 가능하다. 특히 패밀리허브와 연동하면 냉장고에 보관 중인 식재료까지 고려해 레시피를 추천 받을 수 있다.개인 맞춤형 레시피나 직접 개발한 레시피 등을 다른 사용자들과 자유롭게 공유하고 의견을 주고 받을 수 있는 커뮤니티 기능도 지원한다.삼성전자는 사용자가 편리한 식경험을 넘어 보다 통합적으로 건강 관리를 할 수 있도록 연내에 삼성 푸드와 삼성 헬스를 연동할 계획이다. 두 서비스가 연동되면 사용자의 BMI, 체성분, 섭취소모 칼로리 등을 기반으로 최적화된 레시피와 식단을 확인할 수 있다.내년에는 '비전 AI' 기술을 적용해 언제 어디서나 음식 사진을 촬영하기만 하면 음식의 영양성분과 레시피까지 한 번에 확인할 수 있도록 할 계획이다.삼성 푸드는 31일부터 104개국, 8개 언어로 서비스될 예정이다. 구글플레이와 앱스토어를 통해 다운로드 가능하다.삼성전자는 삼성 푸드 서비스 출시에 맞춰 지난 2021년 '비스포크 큐커'와 함께 도입한 구독 서비스도 대상 제품을 확대해 나갈 계획이다.박찬우 부사장은 ""삼성전자는 '패밀리허브' 냉장고, '비스포크 큐커' 등 차별화된 AI와 IoT 기술을 접목시킨 다양한 제품을 선보이며 스마트한 쿠킹 경험을 제공해왔다""며 ""삼성 푸드가 '손 안의 영양사'로 역할을 하며 고도로 개인화된 식경험을 제공할 것으로 기대한다""고 말했다.
]"
2023-08-24 11:46:03,"삼성전자, 'IDEA 2023'서 50개 수상...역대 최대",https://n.news.naver.com/mnews/article/030/0003128674?sid=105,"[
			삼성전자는 글로벌 디자인 공모전 'IDEA 2023'에서 은상 1개, 동상 3개, 입상(파이널리스트) 46개로 총 50개의 상을 받았다고 24일 밝혔다.미국 산업디자이너 협회(IDSA)가 1980년부터 주관해온 IDEA는 △산업 제품 △소비자 기술 △디지털 인터랙션 △디자인 전략 등 20개 부문에서 올해의 수상작을 선정했다. 삼성전자는 소비자 라이프스타일을 고려한 디자인으로 총 50개를 수상, 역대 최대를 기록했다.



'IDEA 2023'에서 수상한 삼성전자 주요 제품은상을 수상한 '비스포크 에어드레서'는 다양한 색상과 재질의 패널을 선택해 주위 공간에 맞출 수 있는 의류청정기이다. 에어드레서 전용 옷걸이 외에 일반 옷걸이도 함께 사용해 한 번에 더 많은 의류를 관리할 수 있다.정수기, 세탁기·건조기, 로봇청소기 등 비스포크 가전은 동상을 수상했다. '비스포크 정수기'는 정수 모듈을 싱크대 아래에 설치하는 빌트인 디자인으로, 취향에 따라 파우셋(출수구)의 색상을 선택해 주방 공간과 조화시킬 수 있다.'비스포크 그랑데 AI 원바디 톱핏'은 세탁기와 건조기 상하 일체형 디자인으로 건조기 투입구의 높이가 낮아 편하게 세탁물을 넣고 꺼낼 수 있다. 제품 중간에 위치한 조작부로 세탁기와 건조기를 모두 작동시키는 등 사용 편리성을 더했다. '비스포크 제트 봇 AI'는 청소 후 자동으로 먼지통을 비워주는 청정스테이션 디자인이 특징이다.삼성전자는 차별화된 경험, 지속가능성을 고려한 디자인, 접근성 UX 등 다양한 분야를 아우르며 46개의 파이널리스트에 입상했다.대표적으로 △인피니티 스크린으로 몰입감 있는 경험을 제공하는 '네오 QLED TV' △일회용 건전지 없이 햇빛이나 실내 조명으로 충전할 수 있는 리모컨 '솔라셀 리모트' △커버 스크린 사용 경험을 향상시킨 '갤럭시 Z 플립4'와 '갤럭시 Z 폴드4' △프리미엄 슬림 메탈 디자인의 노트북 '갤럭시 북3 프로' 시리즈 등이 선정됐다.이외에도 △청각 장애o난청 사용자가 손 모양 인식을 기반으로 TV 화면과 자막을 제어할 수 있는 '제스처 인식 UX' △포터블 스크린으로 차별화된 스크린 경험과 공간 무드를 제공하는 '더 프리스타일' △경영 시뮬레이션 게임(타이쿤) 형식을 활용한 체험형 가상공간 '삼성 스페이스 타이쿤' 등의 UX가 선정됐다.노태문 삼성전자 디자인경영센터장 사장은 “환경과 조화를 이루는 디자인은 물론 제품 본연의 기능과 목적에 충실한 디자인으로 고객의 삶을 더욱 풍성하게 하도록 지속적으로 노력할 것”이라고 말했다.
]"
2023-08-24 11:01:01,"""미키 마우스가 TV에 쏙""…삼성전자, '100살' 디즈니와 특별한 제품 공개",https://n.news.naver.com/mnews/article/031/0000767935?sid=101,"[
'더 프레임 디즈니 100주년 에디션' 선봬…월트 디즈니 아트 컬렉션 100점 제공삼성전자가 디즈니를 앞세워 라이프스타일 TV '더 프레임(The Frame)' 판매 확대에 나선다.삼성전자는 디즈니 100주년 기념으로 출시하는 '더 프레임 디즈니 100주년 에디션'을 공개한다고 24일 밝혔다.



삼성전자 모델이 삼성스토어 대치점에서 라이프스타일 TV '더 프레임(The Frame) 디즈니 100주년 에디션'을 소개하고 있다. [사진= 삼성전자]이번 에디션은 ▲'삼성 X 디즈니100' 온스크린 로고를 적용하고 ▲'디즈니100' 로고가 새겨진 플래티넘 실버 메탈 베젤을 사용했으며 ▲디즈니 인기 캐릭터 미키 마우스 캐릭터를 적용한 디즈니 100주년 에디션 솔라셀 리모트도 제공 하는 것이 특징이다.또 더 프레임 예술 작품 구독 서비스인 '아트 스토어'를 통해 '월트 디즈니(Walt Disney)', '픽사 애니메이션(Pixar Animation)', '마블(MARVEL)', '내셔널지오그래픽(National Geographic)'등의 아트 컬렉션 100점을 이번 스페셜 에디션에 제공한다.더 프레임은 4K 화질과 '매트 디스플레이(Matte Display)'를 탑재해 특별한 디지털 아트 경험을 제공하며, 집에서도 간편하게 디즈니 인기 캐릭터와 콘텐츠를 감상할 수 있다.삼성전자는 오는 9월 독일 베를린에서 열리는 'IFA 2023'에서 75형, 65형, 55형의 스페셜 에디션을 관람객들에게 소개할 예정이다.국내에서는 '더 프레임 디즈니 100주년 에디션' 75형과 65형을 삼성닷컴을 통해 이날 오후 10시부터 공개한다. 9월 1일부터 공식 판매에 들어가며 삼성 강남에서 '더 프레임 디즈니 100 에디션' 실물을 포함한 다양한 디즈니 콜라보 액세서리들을 만나볼 수 있다.김철기 삼성전자 영상디스플레이사업부 부사장은 ""디즈니 100주년을 기념한 콜라보레이션을 통해 더 프레임의 콘텐츠 경험을 차별화할 수 있게 됐다""며 ""앞으로도 소비자들이 새로운 시청 경험을 만끽할 수 있도록 삼성의 기술력과 콘텐츠 결합을 위해 노력하겠다""고 말했다.
]"
2023-08-24 11:06:01,"삼성전자, ‘더 프레임 디즈니 100주년 에디션’ 출시",https://n.news.naver.com/mnews/article/366/0000926551?sid=105,"[




삼성전자 모델이 삼성스토어 대치점에서 라이프스타일 TV '더 프레임(The Frame) 디즈니 100주년 에디션'을 소개하고 있다./삼성전자 제공        삼성전자가 다음 달 1일부터 라이프스타일 TV ‘더 프레임 디즈니 100주년 에디션’을 공식 판매한다고 24일 밝혔다.디즈니 100주년 기념으로 출시하는 이번 에디션은 ‘디즈니100′ 로고가 새겨진 플래티넘 실버 메탈 베젤을 사용했다. 미키 마우스 캐릭터를 적용한 디즈니 100주년 에디션 리모컨도 제공한다.이와 함께 더 프레임 예술 작품 구독 서비스인 ‘아트 스토어’를 통해 월트 디즈니, 픽사 애니메이션, 마블, 내셔널지오그래픽 등의 아트 컬렉션 100점을 제공한다.삼성전자는 오는 9월 독일 베를린에서 열리는 ‘IFA 2023′에서 75형, 65형, 55형의 스페셜 에디션을 선보일 예정이다. 국내에서는 이날 오후 10시부터 삼성닷컴을 통해 75형과 65형을 공개한다.김철기 삼성전자 영상디스플레이사업부 부사장은 “디즈니 100주년을 기념한 컬래버레이션을 통해 더 프레임의 콘텐츠 경험을 차별화할 수 있게 됐다”며 “앞으로도 소비자가 새로운 시청 경험을 만끽할 수 있도록 삼성의 기술력과 콘텐츠 결합을 위해 노력하겠다”고 말했다.
]"
2023-08-24 12:28:01,"""한국식 뇨끼 레시피"" 물으면 삼성전자 AI 서비스 '삼성푸드'가 답해준다",https://n.news.naver.com/mnews/article/293/0000047149?sid=105,"[




박찬우 삼성전자 생활가전사업부 부사장이 24일 서울 중구 태평로빌딩에서 설명회를 열고 삼성푸드 서비스를 소개하고 있다. (사진=윤아름 기자)""비스포크! 뇨끼를 한국식으로 만들고 싶어""삼성전자가 주방 가전과 인공지능(AI)을 결합한 푸드 통합 서비스 '삼성 푸드(Samsung Food)'를 내놨다. 비스포크 제품에 이 서비스를 적용할 경우 식재료 관리부터 조리, 콘텐츠 공유까지 한 번에 해결이 가능하다. 특히 이탈리안 음식인 뇨끼를 고추장, 간장, 참기름이 들어간 한국 스타일로 만들 수 있도록 레시피를 변형해주는 등 맞춤형 콘텐츠도 제공받을 수 있다.삼성전자는 24일 서울 중구 태평로빌딩에서 설명회를 열고 삼성푸드 서비스를 소개했다. 삼성전자는 31일부터 전 세계 104개국에 삼성 푸드를 출시하고, 9월1일 독일 베를린에서 열리는 유럽 최대 가전전시회 'IFA2023'에서 정식으로 소개할 예정이다. 총 8개 언어로 서비스될 예정이며, 구글 플레이스토어와 애플 앱스토어 등에서 다운로드 해 사용할 수 있다.  식재료 관리부터…맞춤형 레시피도 가능



삼성 푸드 앱 화면 (사진=삼성전자) 삼성푸드는 '비스포크' 등 삼성전자의 주방 가전에서 사용 가능한 서비스다. 이 서비스는 △레시피 검색∙저장 △식단 계획 △식재료 관리 등 사전 준비 단계부터 △조리 △콘텐츠 공유 등 식생활 전반에 필요한 기능을 하나의 플랫폼에서 제공한다.이 중 가장 큰 특징은 '푸드 AI' 기술을 접목해 개인별 영양 균형 수준, 선호도 기반의 맞춤형 레시피를 제안한다는 점이다. 기본적으로 약 16만개의 레시피를 제공하며, 간단한 레시피 검색부터 나만의 레시피를 저장하는 기능도 이용할 수 있다.이용자들은 AI를 통해 각자 선호도에 맞춰 변형된 레시피를 얻을 수 있다. 예를 들어 비건(채식주의자)용 육식 메뉴 레시피나 이탈리안 음식 뇨끼를 한국식으로 만드는 등 기존에 얻을 수 없었던 정보다. 여기에 삼성푸드는 조리 난이도, 조리 소요 시간 등 개인의 숙련도에 알맞은 방법도 별도로 안내한다.이 서비스는 비스포크 오븐, 비스포크 냉장고 등 현재 스마트싱스(SmartThings) 앱에 연결 가능한 비스포크 조리기기와 가전 제품에서 모두 사용할 수 있다. 삼성전자는 연말까지 비스포크 인덕션과 전자레인지에서도 사용할 수 있도록 할 계획이며, 추후에는 삼성전자가 제조하지 않은 주방기기와도 연동을 추진한다.  삼성헬스도 결합…비만도·당뇨 관리삼성전자는 또 삼성푸드에 삼성헬스를 결합해 건강 관리 서비스도 선보일 예정이다. 일반 사용자들에게는 BMI(비만지수), 칼로리 섭취 목표 등의 정보를 기반으로 최적화된 레시피를 제공한다. 당뇨 등 식단관리가 필요한 이들에게는 AI가 혈압 정보를 기반으로 당뇨식, 저염식, 식이제한 레시피를 제안한다.삼성전자는 내년 중 삼성푸드에 비전(Vision) AI 기술을 추가로 적용할 방침이다. 이용자들이 음식 사진을 촬영하면 음식의 영양성분과 레시피까지 한 번에 확인할 수 있도록 한다는 구상이다.이외에도 삼성푸드는 커뮤니티를 기반으로 레시피를 공유하거나 식재료 주문도 할 수 있다.박찬우 삼성전자 생활가전사업부 부사장은 ""기존에 제공하던 스마트싱스 쿠킹 서비스 등 삼성전자 가전에서 사용하던 서비스를 삼성푸드로 통합하겠다""며 ""가전을 효율적으로 사용하는 것보다는 '레시피'라는 소비자 경험에 관점을 맞춘 것""이라고 말했다.  또 ""커뮤니티 기능 등을 활성화해 올해 안으로 100만명 이상의 활성 사용자를 확보할 것""이라며 ""삼성전자의 가전과도 연결성이 확대되며, 향후 핵심 서비스가 될 것으로 예상한다""고 덧붙였다. 
		]"
2023-08-24 11:12:01,"삼성·LG전자, 국제 디자인 공모전 ‘IDEA 2023′ 주요 상 휩쓸어",https://n.news.naver.com/mnews/article/366/0000926555?sid=105,"[
삼성전자, 역대 최다 50개 수상… LG전자, 13개 상 받아



IDEA 2023'에서 수상한 삼성전자 주요 제품./삼성전자 제공        삼성전자와 LG전자가 세계적인 권위의 디자인 공모전 ‘IDEA 2023′에서 주요 상을 휩쓸며 디자인 경쟁력을 입증했다. IDEA는 미국 산업디자이너협회(IDSA)가 주관하는 디자인상으로, 독일의 iF, 레드닷 디자인 어워드와 함께 세계 3대 디자인상으로 꼽힌다.삼성전자는 은상 1개, 동상 3개, 입상 46개 등 총 50개의 상을 받아 역대 최다 수상을 기록했다고 24일 밝혔다. 앞서 2021년에는 48개, 2022년에는 42개의 상을 받았다.삼성전자는 소비자 라이프스타일 변화에 따라 편리한 사용 경험을 제공하는 비스포크 가전으로 디자인 우수성을 인정받았다고 설명했다. 은상을 받은 ‘비스포크 에어드레서’는 다양한 색상과 재질의 패널을 선택해 주위 공간에 맞출 수 있는 의류청정기다.정수기, 세탁기·건조기, 로봇청소기 등의 비스포크 가전은 동상을 수상했다. 비스포크 정수기는 정수 모듈을 싱크대 아래에 설치하는 빌트인 디자인으로, 취향에 따라 파우셋(출수구)의 색상을 선택할 수 있다.세탁기와 건조기 상하 일체형 디자인인 ‘비스포크 그랑데 AI 원바디 탑핏’은 건조기 투입구의 높이가 낮아 누구나 편하게 세탁물을 넣고 꺼낼 수 있고, ‘비스포크 제트 봇 AI’는 청소 후 자동으로 먼지 통을 비워주는 청정스테이션 디자인이 특징이다.이와 함께 네오(Neo) QLED TV, 햇빛이나 실내조명으로 충전할 수 있는 리모컨 ‘솔라셀 리모트’, 폴더블폰 갤럭시 Z 플립4·폴드4, 노트북 갤럭시 북3 프로 시리즈 등의 제품이 입상했다.청각 장애·난청 사용자가 손 모양 인식을 기반으로 TV 화면과 자막을 제어할 수 있는 ‘제스처 인식 UX’, 포터블 스크린 ‘더 프리스타일’, 체험형 가상공간 ‘삼성 스페이스 타이쿤’ 등의 사용자 경험(UX)도 선정됐다.노태문 삼성전자 디자인경영센터장(사장)은 “환경과 조화를 이루는 디자인은 물론 제품 본연의 기능과 목적에 충실한 디자인으로 고객의 삶을 더욱 풍성하게 하도록 노력할 것”이라며 ‘사용자 중심의 디자인 철학’을 강조했다.



LG 퓨리케어 오브제컬렉션 에어로퍼니처./LG전자 제공        LG전자는 동상을 포함해 총 13개의 상을 받았다. 라이프스타일에 따라 테이블로도 활용할 수 있는 공기청정기 ‘LG 퓨리케어 오브제컬렉션 에어로퍼니처’는 동상을 받았다. 이 제품은 앞서 iF·레드닷 디자인 어워드에서 각각 최고상인 금상과 혁신상을 받았다.또 LCD 액자형 에어컨 ‘LG 휘센 오브제컬렉션 아트쿨’과 시청 환경에 따라 화면의 휘어지는 정도를 조절하는 ‘LG 올레드 플렉스’, 100kW(급속) 전기차(EV) 충전기, ‘앞툭튀’ 없이 집안 창호에 딱 맞는 창호형 에어컨 ‘LG 휘센 오브제컬렉션 엣지’ 등 12개의 본상을 받았다.황성걸 LG전자 디자인경영센터장(전무)은 “이번 IDEA 수상 성과는 고객경험 중심의 기술력과 심미성의 시너지에 기인한 결과”라며 “고객과의 꾸준한 소통과 공감 형성을 통해 기존 틀을 벗어난 혁신적인 고객 경험을 디자인에 반영해 완성도를 지속해 높일 것”이라고 말했다.
]"
2023-08-24 16:49:01,"삼성전자, 세계 D램 '왕좌' 고수…SK하이닉스는 2위 탈환",https://n.news.naver.com/mnews/article/018/0005558256?sid=101,"[
세계 D램 매출, 2분기 20% 늘어AI서버 수요 증가→HBM 출하량↑[이데일리 조민정 기자] 인공지능(AI) 수요 증가로 올해 2분기 전 세계 반도체 업계의 D램 매출이 증가한 가운데 삼성전자가 시장 점유율 1위를 고수했다. SK하이닉스는 미국 마이크론을 밀어내고 2위 자리를 탈환했다.



글로벌 D램 매출 추이.(사진=트렌드포스 홈페이지)24일 시장조사업체 트렌드포스에 따르면 올 2분기 전 세계 D램 매출은 약 114억 3000만달러로 직전 분기 대비 20.4% 증가했다. 트렌드포스는 “AI 서버에 대한 수요 증가가 고대역폭 메모리(HBM) 출하량 증가를 주도했다”며 “주요 D램 공급업체 3곳 모두 출하량이 증가했다”고 설명했다.시장점유율 1위인 삼성전자(005930)의 2분기 매출은 45억 3000만달러로 전 분기(41억 7000만달러)보다 8.6% 증가했다. 다만 시장점유율은 1분기 43.9%에서 2분기 39.6%로 4.3%포인트(p) 하락했다.SK하이닉스(000660)의 경우 2분기 D램 매출은 34억 4000만달러로 전 분기(23억 1000만달러)보다 48.9% 급증했다. 시장점유율도 24.4%에서 30.1%로 상승하며 2위를 차지했다. 트렌드포스는 “SK하이닉스는 출하량이 직전 분기보다 35% 이상 증가했다”며 “평균판매단가(ASP)가 높은 더블데이터레이트(DDR)5와 HBM의 출하량이 크게 늘었다”고 설명했다.3위를 기록한 마이크론의 2분기 D램 매출은 29억 5000만달러로, 전 분기(25억 5000만달러)보다 15.7% 증가했다. 시장 점유율은 26.9%에서 25.8%로 하락했다. 트렌드포스는 “마이크론은 HBM 개발이 다소 늦었지만 DDR5 출하량은 상당한 비중을 차지해 ASP를 상대적으로 안정적으로 유지했다”고 분석했다.
]"
2023-08-24 12:53:00,엔비디아 실적에 '환호'…삼성전자 vs SK하이닉스 더 좋은 곳은?,https://n.news.naver.com/mnews/article/008/0004929299?sid=101,"[




A Nvidia Corporation sign  (AP Photo/Jeff Chiu)인공지능(AI) 반도체 선두업체인 엔비디아가 깜짝 실적을 발표하면서 국내 반도체 업체들에 온기가 퍼진다. 삼성전자와 SK하이닉스가 AI 반도체에 필수적인 고대역폭메모리(HBM) 시장 주도권을 쥐고 있어서다. 두 업체간 경쟁도 심화되고 있다. 24일 한국거래소에 따르면 이날 오전 11시50분 삼성전자는 전일대비 1100원(1.64%) 오른 6만8200원을 기록하고 있다. SK하이닉스는 6800원(5.86%) 상승한 12만2800원에 거래되고 있다. 이날 반도체 빅2의 주가를 이끄는 것은 간밤 엔비디아의 깜짝 실적이다. 엔비디아는 전날 2분기(5~7월) 135억1000달러(한화 약 17조8754억원)의 매출과 주당순이익(EPS) 2.70달러를 기록했다고 밝혔다. 이는 시장 예상치(매출 112억2000만달러, EPS 2.09달러)를 상회한다. 특히 데이터센터 사업부 매출이 103억2000달러로 전년 동기 대비 171% 성장하며 역대 최고치를 기록했다. 데이터센터 사업부 매출은 지난 1분기에도 전년 동기 대비 14% 성장한 42억8000만달러로, 시장 예상치를 뛰어넘었는데 2분기에는 더 큰 성장을 이뤘다. 데이터센터 사업부 매출이 크게 증가했다는 것은 AI향 반도체 칩 수요가 늘었다는 뜻이다. 챗GPT 같은 생성형 AI는 방대한 양의 데이터를 처리하기 위한 그래픽처리장치(GPU), 즉 AI 반도체가 필요하다. 파이낸셜타임스(FT)에 따르면 엔비디아는 오는 2024년에는 고성능 AI 칩 H100의 생산을 확대해 150만~200만대까지 생산할 계획으로 알려졌다. H100은 개당 가격이  4만 달러(5340만원)에 달한다. AI 반도체 수요가 급증하면 이에 탑재되는고대역폭 메모리(HBM) 수요도 급증할 것으로 예상된다. 삼성전자와 SK하이닉스의 수혜가 예상되는 대목이다. 대만 시장조사업체 트렌드포스는 지난해 기준 SK하이닉스와 삼성전자, 마이크론 등 메모리반도체 빅3의 글로벌 HBM 시장점유율을 각각 50%, 40%, 10%로 추정했다. 아울러 한국 두 기업의 시장점유율이 올해 90%에서 내년 95%까지 확대될 것으로 전망했다. 



日 슈퍼컴퓨터 탑재된 삼성 HBM2성장하는 HBM 시장을 사로잡기 위한 두 기업 간 경쟁도 심화할 전망이다. 현재 기준 HBM 시장에서 앞서고 있는 것은 SK하이닉스다. HBM은 1세대(HBM), 2세대(HBM2), 3세대(HBM2E)에 이은 4세대 제품(HBM3)까지 나와있는데, 현재 4세대 제품을 양산하는 것은 SK하이닉스가 유일하다. SK하이닉스는 지난 21일부터는 5세대인 HBM3E까지 개발, 고객사에 샘플 공급을 시작했다. 이에 최근 주가도 SK하이닉스가 삼성전자보다 나은 흐름을 보인다. 삼성전자의 경우 4세대 제품에 대한 품질 승인을 최근에 완료, SK하이닉스 대비 다소 뒤처져 있다. 그러나 글로벌 시장에서 유일하게 HBM 턴키(Turn Key,일괄 생산) 체제를 구축한 것이 강점이다. 김동원 KB증권 리서치센터장은 ""삼성전자는 2024년부터 HBM 전 공정의 턴키 공급(설계:Logic 메모리, 반도체:HBM, 패키징: 2.5D Advanced Packaging)을 시작할 전망""이라며 ""삼성전자의 HBM 턴키 공급방식은 공급부족이 심화되는 HBM 시장에서 공급 안정성을 우려하는 대다수 고객사에 긍정적 요소로 작용해 향후 신규 고객사 확대에 강점이 될 것""이라고 내다봤다. AI발 메모리 반도체 수요 강세는 장기적으로 보면 두 회사 모두에 큰 기회가 될 것이라는 게 증권가 판단이다. AI 수요 대비 매크로 업황이 좋진 않지만, 고사양 메모리의 가격 상승으로 수익성이 회복될 것이라는 기대다. 한동희 SK증권 연구원은 ""엔비디아 실적을 견인한 것이 데이터센터향 매출액이라는 점과 매크로는 여전히 부진하다는 점을 감안하면 AI 수요가 예상을 상회하고 있는 것""이라며 ""AI향 HBM과 고용량 DDR5 모듈 등에 시장 수요가 집중되고 있어 메모리는 믹스 개선을 통한 수익성 제고와 실적 회복이 가능할 것""이라고 내다봤다. 아울러 그는 ""재고 하락에 따른 평가 손실 축소,  AI 수요 강세 덕에 3분기부터 D램 업계는 순차적으로 턴어라운드 할 것""이라며 ""HBM3 시장을 선점한 SK하이닉스, HBM3 시장 진입 기대감이 커지고 있고 후공정과의 연계가 가능한 삼성전자를 모두 선호한다""고 밝혔다. 
]"
2023-08-23 14:31:24,"삼성전자, VM웨어와 손잡았다…""최적의 가상화 시스템 구현""",https://n.news.naver.com/mnews/article/008/0004928765?sid=101,"[




삼성전자의 서버용 PM1743 SSD/사진제공=삼성전자삼성전자가 23일 엔터프라이즈 소프트웨어 기업 VM웨어(ware)와 손잡는다. 삼성전자가 자사의 SSD(솔리드스테이트드라이브)를 VM웨어의 SDS 솔루션인 vSAN에 공급한다. SDS는 스토리지 소프트웨어를 하드웨어에서 분리해 데이터 스토리지 인프라에 더 큰 확장성, 유연성, 제어력을 제공하는 스토리지 아키텍처를 의미한다. 삼성전자는 이달 21일부터 24일까지 미국 라스베이거스에서 열리는 IT행사 'VMware Explore 2023'에서 이번 기술협력을 발표했다. 삼성전자는 이번 협력을 시작으로, 고성능·고용량 스토리지를 원하는 IT(정보기술) 고객에게 최적의 사용환경을 제공하겠다고 밝혔다. 4차 산업혁명으로 데이터 양이 방대하게 늘어나면서 빠른 처리 속도가 요구되는 가운데 삼성전자가 스토리지 시스템 혁신을 주도하겠다는 의도다.삼성전자는 메모리반도체 업계 최초로 PCIe (Peripheral Component Interconnect express) 5.0 기반 서버용 고성능 SSD 'PM1743'에 대해 VM웨어의 올 플래시 인증을 획득했다. 이는 고객사가 VM웨어의 vSAN 소프트웨어와 삼성전자의 PM1743 SSD를 함께 스토리지 시스템에 적용할 때 최적의 성능과 효율을 기대할 수 있다는 뜻이다.삼성전자는 최신 vSAN 솔루션의 요구 설계 기준에 부합하도록 자사 서버용 PM1743 SSD를 최적화했다고 설명했다. 이로써 시스템의 성능과 용량을 개선하고 vSAN의 장점을 극대화했다.



2023년 8월 21일부터 24일까지 미국 라스베이거스에서 열린 IT박람회  'VMware Explore 2023'에 삼성전자가 참가한 모습/사진제공=삼성전자존 길마틴 VM웨어 클라우드 인프라 비즈니스 그룹 제품 관리 및 마케팅 담당 수석 부사장은 ""차세대 AI(인공지능) 응용처들은 엔터프라이즈 스토리지 아키텍처와 관련해 새로운 요구를 하고 있다""며 ""삼성전자의 최신 PCIe Gen5 SSD와 vSAN ESA 기반의 VM웨어 vSAN 8을 결합함으로써 고객이 AI의 잠재력을 최대한 활용하도록 도울 것""이라고 말했다. 배용철 삼성전자 메모리사업부 상품기획팀 부사장은 ""이번 VM웨어와의 긴밀한 협력으로 메모리 솔루션의 가치를 시스템 솔루션으로 한 단계 업그레이드 시키는 계기가 되었다""며, ""삼성전자는 SMRC 플랫폼을 기반으로 업계 최고의 파트너들과 함께 메모리 솔루션 에코시스템을 구축하여 새로운 고객 가치를 창출하겠다""고 밝혔다.SMRC는 삼성전자의 메모리 제품을 탑재한 고객사에 자사 서버의 하드웨어와 소프트웨어의 최적 조합을 분석하고 성능을 평가할 수 있도록 제공하는 플랫폼이다.한편 삼성전자는 빅데이터용 플랫폼도 최적화했다. 삼성전자의 PCIe Gen5 SSD를 VM웨어의 빅데이터용 플랫폼인 그린플럼과 함께 활용하면, 성능과 비용 효율성이 높아진다. 
]"
2023-08-24 14:45:02,"삼성 '스마트링' 이름은 '큐리오'?.. 삼성전자, 英서 상표 등록 [글로벌 IT슈]",https://n.news.naver.com/mnews/article/014/0005061681?sid=105,"[




사진은 오우라링. 오우라 홈페이지 캡처 [파이낸셜뉴스] 베일에 감춰져있던 삼성전자의 스마트링이 조만간 공개될 수 있을 것으로 보인다. 최근 삼성전자가 영국에서 새 상표를 등록했는데, 스마트링의 상표로 이용될 수 가능성이 크기 때문이다.   22일(현지시간)은 삼성전자가 신규 상표인 '삼성 큐리오(Samsung Curio)'를 등록했다고 밝혔다.    



영국특허청(UKIPO) 해당 상표는 공개된 상표 등록 서류에 '클래스9'로 분류됐다. 클래스9는 디지털 디바이스 등에 붙여지는 상표로 분류되고 있다.   삼성전자가 공개한 정보에서 해당 상표는 △스마트링 △웨어러블 디지털 전자 통신 장치 △스마트폰 △태블릿PC 등에 이용될 수 있다고 적혀있다. 이중 스마트링이 가장 먼저 언급된 것으로 봤을 때 향후 출시될 삼성전자의 첫 스마트링의 이름이 될 수 있다는 관측이 나온다.   앞서 삼성전자는 애플 측에서 새 웨어러블 기기 '애플링'을 출시한다는 소식이 들려오자 뒤이어 스마트링 개발 소식을 전한 바 있다. 스마트링은 사용자의 심박수, 심전도, 활동량, 수면 패턴 등을 측정할 수 있다. 특히 스마트워치와 연동돼 더욱 구체적인 정보를 확인할 수 있도록 한다.   한편 이전 보고서에 따르면 삼성이 개발 중인 스마트링은 최대 10일을 사용할 수 있는 배터리가 제공될 것으로 전망된다. 또 광학 심박수 모니터링, 심전도(ECG) 센서를 특징으로 할 것으로 전해진다. #삼성전자 #스마트링 #글로벌IT슈 #큐리오  
]"
2023-08-23 11:00:03,"삼성전자, 獨게임스컴서 세계 최초 듀얼 UHD 게이밍 모니터 선봬",https://n.news.naver.com/mnews/article/001/0014146477?sid=101,"[
'오디세이 네오 G9' 첫선…""초고화질 모니터 2대 합친듯한 화면제공""'오디세이 아크' 신모델도 공개…역대 최대규모 전시장 마련



삼성전자 게이밍 모니터 오디세이 네오 G9(서울=연합뉴스)  삼성전자 모델이 독일 쾰른에서 열린 '게임스컴 2023'에서 오디세이 네오 G9을 소개하고 있다. 2023.8.23 [삼성전자 제공. 재판매 및 DB 금지] (서울=연합뉴스) 김기훈 기자 = 삼성전자가 23∼27일(현지시간) 독일 쾰른에서 열리는 '게임스컴 2023'에 참가해 게이밍 모니터 신제품을 공개한다.    삼성전자는 이번 행사에 역대 최대인 752㎡ 규모 전시장을 마련하고 57형 오디세이 네오 G9, 오디세이 아크, 49형 오디세이 유기발광다이오드(OLED) 등 최고 사양의 게이밍 모니터를 대거 선보인다.    세계 최초로 듀얼 초고화질(UHD) 해상도가 적용된 게이밍 모니터 오디세이 네오 G9은 57형에 32:9 슈퍼 울트라 와이드 비율, 1천R(반지름 1천㎜ 원이 휜 정도) 곡률, 듀얼 UHD(7천680×2천160) 해상도를 지원한다.    32형 크기의 UHD 모니터 두 대를 나란히 붙여 놓은 것 같은 형태로 넓은 화면을 제공하는 것이 특징이다.    최대 밝기는 1천nit(니트·1nit는 촛불 하나의 밝기)에 달한다.    또 최대 1ms(밀리세컨드, 1천분의 1초)의 빠른 응답속도와 240Hz(헤르츠)의 높은 주사율로 잔상이나 끊김 현상 없이 고성능 게임을 즐길 수 있다.    이 제품은 '퀀텀 미니 LED'와 '퀀텀 매트릭스 기술'을 적용해 뛰어난 화질을 자랑할 뿐 아니라 동작이 빠르고 복잡한 게임 장면에서 끊김이나 이미지 깨짐 현상을 방지하는 'AMD 프리싱크 프리미엄 프로' 기술도 적용됐다.



삼성전자 게이밍 모니터 오디세이 아크[삼성전자 제공. 재판매 및 DB 금지]삼성전자는 또 한층 강화된 성능의 오디세이 아크도 처음 공개한다.    오디세이 아크 55형은 기존 모델 대비 연결성과 편의성을 대폭 강화했다.    3개의 HDMI 포트 외 1개의 DP 포트를 추가해 IT 기기 연결성을 높였다    또 KVM(키보드, 비디오 모니터, 마우스) 스위치 기능을 새로 탑재해 하나의 키보드·마우스로 최대 4대의 PC를 자유롭게 제어할 수 있다.    특히 멀티뷰 기능을 이용하면 최대 4개의 외부기기 동시 입·출력이 가능해 게임 플레이와 동시에 다양한 멀티미디어 콘텐츠를 감상할 수 있다.    또 마치 조종석에 앉아 있는 듯한 세로형 콕핏 모드(Cockpit Mode)가 가능한 것이 특징이다.     오디세이 아크는 4K UHD 해상도(3천840×2천160)에 최대 165Hz 고주사율을 지원한다. 최대 1ms의 빠른 응답속도도 갖췄다.    kihun@yna.co.kr
]"
2023-08-23 08:09:52,"삼성전자, 세계 최대 이동통신 표준단체 3GPP 의장단 3석 배출",https://n.news.naver.com/mnews/article/001/0014145939?sid=101,"[
업계 최다 의장석 확보…""이동통신 분야 선도적 입지 구축""(서울=연합뉴스) 장하나 기자 = 삼성전자가 세계 최대 이동통신 기술 표준 단체인 3GPP 표준회의에서 부의장 3명을 동시 배출했다.



삼성전자, 세계 최대 이동통신 표준 단체 3GPP 의장단 3석 배출(서울=연합뉴스) 삼성전자가 세계 최대 이동통신 기술 표준 단체인 3GPP 표준회의에서 부의장 3명을 동시 배출했다. 사진 왼쪽부터 삼성리서치아메리카(SRA) 정경인 연구원, 삼성리서치 송재연 연구원, 삼성리서치 인도 벵갈루루연구소 나렌 탕구두(Narendranath Durga Tangudu) 연구원. 2023.8.23. [삼성전자 제공. 재판매 및 DB 금지]삼성전자는 산하 선행연구조직인 삼성리서치아메리카(SRA)의 정경인 연구원이 3GPP의 '무선 접속 실무 워킹그룹 2'(RAN2) 부의장으로 신규 선임됐다고 23일 밝혔다.    3GPP는 1998년 설립된 세계 최대 이동통신 표준화 기술협력 기구로, 삼성전자를 비롯해 퀄컴, 애플, 에릭슨, 노키아, 화웨이 등 전 세계 주요 국가의 이동통신 관련 기업과 단체가 참여하며 이동통신 표준 정립을 주도하고 있다.    이중 RAN2는 단말과 기지국 간 무선 통신 프로토콜 표준을 개발하는 분과다.    아울러 2021년 8월 3GPP의 '서비스 및 시스템 실무 워킹그룹 4'(SA4)와 '코어망 및 단말 실무 워킹그룹 3'(CT3)의 부의장으로 각각 당선됐던 삼성리서치(SR) 송재연 연구원과 삼성리서치 인도 벵갈루루연구소의 나렌 탕구두 연구원이 2년 임기를 마치고 연임을 확정지었다.     SA4는 5G 기반의 동영상 스트리밍, 확장 현실(XR) 등 실감형 미디어의 전송 기술을 개발하는 분과이며, CT3는 5G 통신망과 외부 인터넷망을 연결하는 개방형 인터페이스를 제정하는 역할을 담당하고 있다.    이에 따라 삼성전자는 업계 최다 의장석(의장 2석, 부의장 5석)을 확보하게 됐다.    앞서 지난 5월 삼성리서치의 김윤선 마스터와 앤드루 베넷 연구원이 각각 3GPP의 '무선 접속 실무 워킹그룹 1'(RAN1)과 '서비스·시스템 실무 워킹그룹 2'(SA2)의 의장으로 선임된 바 있다.    삼성전자는 ""이번 의장단 의석 확보를 통해 이동통신 전반에 걸친 기술 분야에서 선도적인 입지를 구축했으며, 특히 현재 진행되고 있는 5G-어드밴스드 표준화와 6G 표준화 연구를 주도적으로 수행하며 기술 리더십을 강화해 나갈 계획""이라고 밝혔다.    hanajjang@yna.co.kr
]"
2023-08-24 10:25:00,"삼성전자, 국제 디자인 공모전 'IDEA 2023'에서 역대 최다 수상",https://n.news.naver.com/mnews/article/001/0014148970?sid=101,"[




    (서울=연합뉴스) 삼성전자가 세계적 권위의 국제 디자인 공모전 'IDEA(International Design Excellence Awards) 2023'에서 은상 1개, 동상 3개, 입상(파이널리스트) 46개로 총 50개의 상을 받아 역대 최다 수상을 했다고 24일 밝혔다. 사진은 은상을 수상한 '비스포크 에어드레서'. 2023.8.24 [삼성전자 제공. 재판매 및 DB 금지]    photo@yna.co.kr
]"
2023-08-22 10:46:05,Z세대가 가장 취업하고 싶은 대기업 1위는? '삼성전자',https://n.news.naver.com/mnews/article/003/0012043293?sid=101,"[




[서울=뉴시스]이현주 기자 = 신입 구직자들이 가장 취업하고 싶어하는 기업 1위에 '삼성전자'가 이름을 올렸다. 삼성바이오로직스와 네이버, SK하이닉스 등도 취업 선호 기업 상위권에 포함됐다.  22일 커리어 플랫폼 잡코리아와 알바몬이 현재 하반기 대기업 취업을 준비 중인 남녀 대학생 및 신입직 구직자 1278명을 대상으로 실시한 '취업 선호 기업' 조사 결과, 신입 구직자들이 가장 취업하고 싶은 기업은 '삼성전자'인 것으로 나타났다. 삼성전자는 응답률 43.9%를 차지하며 지난해에 이어 올해도 1위에 올랐다. 삼성전자를 입사 선호 기업 1위로 뽑은 이유(복수응답)로는 ▲연봉 수준이 높을 것 같아서(48.8%) ▲복지제도 및 근무환경이 좋을 것 같아서(47.1%) ▲우수한 직원들이 많아 보고 배울 점이 많을 것 같아서(19.6%) 등으로 꼽혔다.  2위는 '삼성바이오로직스(29.7%)'가 차지했다. 선택 이유로는 ▲높은 연봉에 대한 기대감(53.9%)과 함께 ▲향후 성장 가능성(52.9%)을 높이 평가했기 때문인 것으로 나타났다.3위부터는 성별에 따라 결과가 달랐다. 남성 구직자들은 취업하고 싶은 대기업으로 ▲SK하이닉스(14.1%) ▲LG에너지솔루션(7.6%) ▲현대자동차(7.5%) ▲네이버(7.1%) ▲LG화학(5.5%) ▲삼성SDI(4.6%) ▲LG전자(4.3%) ▲카카오(3.5%) 등을 꼽았다.여성 구직자들은 ▲카카오(17.2%) ▲네이버(17.1%) ▲SK하이닉스(10.7%) ▲LG에너지솔루션(6.5%) ▲CJ제일제당(6.2%) ▲아모레퍼시픽(4.9%) ▲현대자동차(4.6%) ▲삼성SDI(4.3%) 순으로 선호했다. 매년 여성 구직자 사이에서 취업하고 싶은 기업 상위권에 들던 '대한항공'은 이번 조사에서는 10위권 안에 들지 못했다.전공별로 보면, 예체능계열 전공자 사이에서는 ▲카카오가 응답률 37.3%를 얻어 취업하고 싶은 기업 1위에 올랐고, 이외에도 ▲하이브(11.9%), ▲카카오페이(9.0%)에 취업하고 싶다는 비율이 타 전공자 대비 상대적으로 높았다.자연과학계열에서는 취업하고 싶은 기업으로 ▲LG화학(4.8%)과 ▲셀트리온(4.3%) ▲한미약품(4.3%)을 꼽은 비율이 타 전공자 대비 상대적으로 높게 나타났다. 인문사회계열에서는 ▲아모레퍼시픽(5.5%)과 ▲CJ제일제당(5.2%), 경상계열에서는 ▲LG에너지솔루션(9.0%)과 ▲현대자동차(8.0%), 이공학계열은 ▲LG전자(5.6%)에 취업하고 싶다는 응답 비율이 상대적으로 높았다．
]"
2023-08-24 09:40:03,엔비디아 훈풍에…삼성전자·SK하이닉스 동반 '강세',https://n.news.naver.com/mnews/article/015/0004883347?sid=101,"[




사진=게티이미지반도체 대장주 삼성전자와 SK하이닉스의 주가가 오르고 있다. 엔비디아가 2분기 '깜짝 실적'을 발표하자 반도체 업종에 대한 투자심리가 개선된 것으로 풀이된다.24일 오전 9시 35분 기준 삼성전자는 전일 대비 1400원(2.09%) 오른 6만8500원에 거래되고 있다. SK하이닉스는 6.03% 뛴 12만3000원을 가리키고 있다.23일(현지시간) 엔비디아는 2024회계연도 2분기(5~7월) 135억1000달러(약 18조225억원)의 매출과 주당 2.7달러(약 3604원)의 순이익을 기록했다고 발표했다. 매출과 주당 순이익은 시장 추정치를 각각 20%, 30% 웃돌았다. 엔비디아는 3분기 매출액으로 월가 예상치(126억1000만달러)보다 훨씬 높은 160억달러를 제시했다. SK하이닉스는 대만의 TSMC를 통해 엔비디아에 고대역폭메모리(HBM)를 납품하고 있다. 삼성전자도 엔비디아와 HBM, 패키징 공급 협상을 진행중인 것으로 알려져 있다.
]"
2023-08-23 14:06:03,"삼성전자, 세계 최초 듀얼 UHD 게이밍 모니터 공개",https://n.news.naver.com/mnews/article/032/0003244410?sid=101,"[




삼성전자 게이밍 모니터 신제품 ‘오디세이 네오 G9’. 삼성전자 제공삼성전자는 오는 27일까지 독일 쾰른에서 열리는 ‘게임스컴 2023′에 참가해 게이밍 모니터 신제품 ‘오디세이 네오 G9’을 공개한다고 23일 밝혔다. 게임스컴은 약 1100개 하드웨어·소프트웨어·게임 콘텐츠 제작사가 참여하는 세계 최대 규모 게임전시회다.삼성전자는 게임스컴에서 세계 최초로 듀얼 UHD(7680X2160) 초고화질 해상도가 적용된 곡면형 게이밍 모니터 오디세이 네오 G9을 전시할 계획이다. 오디세이 네오 G9은 57인치에 32대9 슈퍼 울트라 와이드 비율, 1000R 곡률, 듀얼 UHD 해상도를 지원한다. 32인치 크기의 UHD 모니터 두 대를 나란히 붙여 놓은 것같은 형태로 넓은 화면을 제공하는 것이 특징이다.최대 1ms(밀리세컨드)의 빠른 응답속도와 240hz의 높은 주사율로 잔상이나 끊김 현상이 없다는 것도 장점이다. 아울러 시각적 무손실 압축 DSC(디스플레이 스트림 컴프레션) 코덱을 적용해 영상 정보를 왜곡 없이 전송할 수 있다.오디세이 네오 G9은 ‘퀀텀 미니 LED’와 ‘퀀텀 매트릭스 기술’을 적용했다. 기존 제품 대비 40분의 1 크기의 초소형 발광다이오드(LED)는 밝기와 명암을 섬세하게 제어하고 고대비 영역에서의 빛 번짐을 줄여 편안한 게임 화면을 구현한다고 삼성전자 측은 설명했다. 매트 디스플레이를 적용해 자연광이나 반사광으로 인한 화질 저하와 눈부심 없이 게임에 더 집중할 수 있다.이 밖에도 두 대의 PC를 연결해 동시에 각 화면을 출력하는 PBP 모드와 화면 안에 작은 화면을 띄울 수 있는 PIP 모드를 모두 지원해 게임과 동시에 영상 콘텐츠를 감상하는 등 멀티태스킹이 가능한 것도 특징이다.오디세이 네오 G9은 지난 1월 미국 라스베이거스에서 열린 ‘CES(소비자 가전 전시회) 2023’에서 컴퓨터 주변기기 부문 ‘최고 혁신상’을 수상한 바 있다. 국내에서는 8월 30일부터 판매를 시작하며, 제품 출고가는 280만원이다.
		]"
2023-08-22 07:00:04,바티칸 성베드로 광장에 삼성전자 초대형 전광판 들어선다,https://n.news.naver.com/mnews/article/001/0014143485?sid=104,"[
2007년 설치된 파나소닉 전광판 대체…9월초 가동 예정작년 7월 유흥식 추기경-이재용 회장 만남이 계기  삼성 대표단 9월 중순 바티칸행…이 회장 방문 여부 관심



바티칸 성 베드로 광장에 설치된 삼성전자 옥외 전광판(바티칸=연합뉴스) 신창용 특파원 = 19일 오후(현지시간) 바티칸 성 베드로 광장에서 삼성전자 옥외 전광판 설치 작업이 진행되고 있다. 2023.08.19 changyong@yna.co.kr     (바티칸=연합뉴스) 신창용 특파원 = 매년 수백만 명이 방문하는 가톨릭 성지인 바티칸 성 베드로 광장에 우리나라 삼성전자의 초대형 전광판이 설치된다.    2007년 설치됐던 일본 파나소닉 전광판이 16년 만에 철거되고 삼성전자 전광판이 새롭게 들어서는 것이다.    지난 19일 오후(현지시간) 찾아간 바티칸 성 베드로 광장에선 초대형 옥외 전광판 설치 작업이 한창 진행 중이었다.    작업 현장에선 삼성(SAMSUNG) 영문이 새겨진 안전모를 쓴 한국인 직원을 여럿 목격할 수 있었다.    연합뉴스와 만난 한 삼성 관계자는 ""양옆에 366인치 전광판 2개, 안쪽에 260인치 전광판 2개 등 총 4개의 전광판을 설치할 예정""이라며 ""이달 말까지 작업을 완료하는 것이 목표""라고 말했다.    이탈리아 바로크 건축가 잔 로렌초 베르니니의 손에 의해 17세기에 완공된 성 베드로 광장은 최대 30만명을 수용할 수 있는 타원형 광장이다.     베르니니는 미켈란젤로가 설계한 성 베드로 대성전을 머리에 두고 마치 대성전에서 두 팔이 뻗어나가 세상 사람들을 포용하는 모습을 형상화했다.     프란치스코 교황이 주례하는 각종 대중 행사가 성 베드로 광장에서 열린다.     광장에 운집한 수많은 군중이 프란치스코 교황의 강복 장면을 멀리서도 볼 수 있도록 광장에는 총 4개의 옥외 전광판이 설치돼 있다.    삼성은 자사의 로고가 박힌 전광판을 새롭게 설치해 상당한 브랜드 홍보 효과를 거둘 것으로 기대된다. 일본산 전광판을 대체한다는 점에서 상징적인 의미도 큰 것으로 평가받는다.    바티칸은 이탈리아 수도 로마를 가로지르는 테베레강 서쪽으로 약 20㎞가량 떨어진 로마 속의 작은 도시국가다.    바티칸의 면적은 0.44㎢로 우리나라 경복궁의 약 1.3배에 해당하는 규모다.    세계에서 가장 작은 도시국가임에도 바티칸이 전 세계의 주목을 받는 이유는 바로 이곳이 교황이 거주하는 전 세계 가톨릭의 본산이기 때문이다.    2019년 바티칸 박물관 한곳에만 690만명이 방문했을 정도로 바티칸에는 매년 수백만 명의 가톨릭 신자와 순례자뿐만 아니라 관광객들의 발길이 끊이지 않는다.    특히 바티칸 희년인 2025년에는 약 3천만명이 바티칸을 찾을 것으로 예상된다.



바티칸 성 베드로 광장에 설치된 삼성전자 옥외 전광판(바티칸=연합뉴스) 신창용 특파원 = 19일 오후(현지시간) 바티칸 성 베드로 광장에서 삼성전자 옥외 전광판 설치 작업이 진행되고 있다. 2023.08.19 changyong@yna.co.kr     삼성전자 전광판이 들어선 데에는 교황청 성직자부 장관인 유흥식 추기경과 이재용 삼성전자 회장의 만남이 계기가 됐다.    유 추기경은 2021년 6월 한국인 성직자로는 최초로 교황청 장관에 발탁됐고, 지난해 5월 29일 한국인 네 번째로 추기경으로 임명됐다.    유 추기경은 ""지난해 7월 말에 이재용 회장이 가톨릭 신자가 아님에도 추기경 임명을 축하하기 위해 교황청을 직접 방문했다""며 ""당시 좋은 대화를 나눴다""고 소개했다.    당시에는 주로 덕담을 나눴고, 그때부터 싹튼 교황청과 삼성전자의 인연이 전광판 교체라는 결실로 이어졌다고 유 추기경은 전했다.    그는 ""교황청에서 파나소닉 전광판이 낡은 데다 구멍까지 생기고, 해상도가 떨어져 교체를 검토하던 차에 때마침 삼성전자 측에서 제의가 들어와 시기가 딱 맞아떨어졌다""고 설명했다.     바티칸 성 베드로 광장 옥외 전광판 교체 작업은 무더위 탓에 야외 행사가 적은 지난 7월부터 시작돼 현재 막바지 작업이 진행 중이다.    테스트를 거쳐 9월 초부터 가동될 예정으로, 이를 맞아 삼성 대표단도 교황청을 방문할 계획이다.     아직 구체적인 시기는 확정되지 않았지만, 프란치스코 교황의 수요 일반알현이 있는 9월 13일 오전에 삼성 대표단이 교황을 개인 알현하고, 서명식을 진행할 가능성이 큰 것으로 알려졌다.     유 추기경은 ""이재용 회장을 초청했는데, '기회가 되면 꼭 가겠다'고 답했다""고 전했다.    삼성 측은 성 베드로 광장 옥외 전광판 설치와 관련해 확인해줄 수 없다고 밝혔다.     한편, 이번에 설치되는 전광판은 LED 사이니지 제품이다. LED 사이니지는 LED 조각을 이어 붙이는 방식으로 패널을 만들기 때문에 크기와 형태에 제약이 없어 초대형 화면 제작에 유리하다.     또한 해상도가 뛰어나 태양광 아래서도 뛰어난 화질을 제공한다.     삼성전자는 옥외 전광판뿐만 아니라 음향기기도 함께 공급할 계획인 것으로 전해졌다.



지난 1월 5일 바티칸 성 베드로 광장에서 거행된 베네딕토 16세 전 교황 장례 미사 [EPA=연합뉴스 자료사진. 재판매 및 DB 금지]    changyong@yna.co.kr
]"
2023-08-22 13:54:05,"삼성 ""전자 등 4개사 전경련 복귀…회비 등 준감위 승인 받는다""",https://n.news.naver.com/mnews/article/003/0012043883?sid=101,"[




[서울=뉴시스] 정병혁 기자 = 서울 서초구 삼성전자 서초사옥에서 삼성 깃발이 바람에 휘날리고 있다. 2023.07.07. jhope@newsis.com[서울=뉴시스]이현주 기자 = 삼성그룹은 22일 삼성전자·삼성SDI·삼성생명·삼성화재 4개사의 전국경제인연합회(전경련) 복귀를 공식화했다. 삼성은 이날 전경련 임시총회 후 ""삼성전자, 삼성SDI, 삼성생명,삼성화재 4개사는 구 전경련의 지속적인 요청을 받고, 수차례에 걸친 준법감시위원회의와 이사회의 신중한 논의를 거쳐 각사 CEO들은 한경협으로의 흡수통합에 동의했다""고 밝혔다. 전경련은 이날 오전 임시총회를 열고 한국경제인협회(한경협)로 이름을 바꾸고 산하 연구기관인 한국경제연구원(한경연)을 흡수 통합하는 내용의 정관 변경안을 의결했다. 삼성, SK, 현대차, LG 4대그룹은 과거 국정농단 사태 후 전경련을 탈퇴했지만 한경연에는 회원으로 남아있었다. 한경연이 한경협으로 통합되며 자연스레 복귀하게 된 것이다. 그러나 삼성의 5개 한경연 회원사 중 하나였던 삼성증권은 준감위 협약사가 아니기 때문에 통합되는게 적절하지 않다는 준감위의 의견에 따른 흡수통합에 비동의, 전경련 회원사 복귀 명단에서 빠졌다. 앞서 준감위는 삼성의 전경련 복귀와 관련, 몇 가지 권고사항을 제시하며 조건부 찬성을 한 바 있다. 준감위는 먼저 한경협이 약속한 싱크탱크 중심의 경제단체로서의 역할에 맞지 않는 ▲부도덕하거나 불법적인 정경유착 행위 ▲회비·기부금 등의 목적 외 부정한 사용 ▲법령·정관을 위반하는 불법행위 등이 있으면 관계사는 즉시 한경협을 탈퇴할 것을 권고했다. 또 삼성 관계사가 한경협에 회비를 납부할 경우 준감위의 사전승인을 얻고, 특별회비 등 명칭을 불문하고 통상적인 회비 이외 금원을 제공할 경우 사용목적, 사용처 등을 구체적으로 확인한 후 위원회의 사전승인을 얻으라고 했다. 아울러 매년 한경협으로부터 연간 활동내용 및 결산내용 등에 대해 이를 통보받아 준감위에 보고하라고 권고했다. 삼성 관계자는 ""전자 등 4개사는 준감위의 권고를 무겁게 받아들인다""며 ""삼성증권은 준감위 협약사가 아닌 만큼 준감위 권고를 받을 수 있는 위치가 아니어서 이사회 등 별도 논의 끝에 다른 결정을 내렸다""고 설명했다．
]"
2023-08-22 11:43:01,"“해커 시선으로 취약점 찾아라”…삼성전자, 보안 화두 던졌다",https://n.news.naver.com/mnews/article/009/0005175748?sid=101,"[




 22일 삼성전자 서울R&amp;D캠퍼스에서 개최된 ‘제7회 삼성 보안 기술 포럼’에서 삼성전자 DX부문 CTO겸 삼성리서치 연구소장 전경훈 사장이 환영사를 하고 있다. [사진출처 = 삼성전자]삼성전자는 22일 삼성전자 서울R&amp;D캠퍼스에서 ‘제7회 삼성 보안 기술 포럼(SSTF)’을 개최했다고 밝혔다.‘삼성 보안 기술 포럼’은 학계·업계 관계자들이 참가해 보안 기술 분야의 최신 기술과 동향을 공유하는 자리다. 삼성전자는 정보 보안 기술 저변 확대와 인재 양성을 위해 2017년부터 매년 ‘삼성 보안 기술 포럼’을 개최해오고 있다코로나19 이후 4년 만에 오프라인으로 개최된 올해 포럼은 ‘보안을 위한 해킹: 해킹이 어떻게 보안 혁신을 이끄는가’란 주제로 열렸다.전경훈 삼성전자 DX부문 CTO 겸 삼성리서치 연구소장은 환영사에서 “해킹 수법이 진화할수록 보안 기술도 같이 성장해 왔다”며 “삼성전자는 고객에게 더 높은 수준의 보안을 제공하기 위해 해커의 시선으로 보안 취약점을 찾고 있다”고 강조했다.황용호 삼성리서치 시큐리티 &amp; 프라이버시 팀장은 기조강연에서 “해킹은 지금까지 간과하거나 혹은 대비하지 못한 부분까지 살피며 보안의 혁신을 이끌어가는 핵심 요소” 라고 설명하고, 보안을 향상시키기 위해 이를 적용할 수 있는 다양한 방법을 제안했다.이어서 ▲미국 미시간대학교 전기컴퓨터공학부 신강근(Kang G. Shin) 교수 ▲카이스트 전기 및 전자공학부 윤인수 교수 ▲연세대 전기전자공학부 한준 교수 등 보안기술 분야 석학들의 초청 강연이 진행됐다.신강근 미시간대학교 교수는 해킹으로 발생하는 반자율시스템(semi-autonomous systems)의 잘못된 의사결정의 위험성과 이에 대한 해결 방안을 소개했고, 카이스트 윤인수 교수는 메모리의 취약점 검사와 방어에 대한 연구 내용을 설명했다. 이어서 연세대 한준 교수는 사물인터넷(IoT) 기기들과 사이버-물리시스템 의 센서 데이터를 이용한 공격과 방어 방안을 공유했다.한편, 올해 더욱 확대된 기술 세션에서는 ▲보안 분야 대표 학회 논문 저자들의 연구 내용 ▲삼성리서치와 사업부의 공동 프로젝트 ▲기업 안에서 해커들의 역할 및 활동이 소개돼 주목을 받았다.
]"
2023-08-23 10:21:01,"삼성전자, 미래 반도체 인력 확보 '총력'",https://n.news.naver.com/mnews/article/092/0002302743?sid=105,"[
22일부터 국내 5개 대학서 T&amp;C 포럼 진행삼성전자 DS부문이 미래 반도체 인재 확보를 위한 'T&amp;C(테크앤커리어) 포럼'을 진행한다.삼성전자 DS부문의 연례 행사인 T&amp;C 포럼은 반도체 산업으로 진로를 희망하는 대학생들을 대상으로 하는 강연 프로그램이다.



삼성전자가 이달 22일부터 31일까지 T&amp;C포럼을 진행한다(사진=삼성전자)이번 포럼은 '사람과 사람, 사람과 미래를 연결하는 시간'을 주제로 국내 5개 권역 대학에서 열린다. 세부 일정은 22일 카이스트, 23일 성균관대학교, 24일 서울대학교, 29일 연세대학교, 31일 포항공과대학교 등이다.포럼은 삼성전자 DS부문의 조직 문화 및 목표를 소개하는 '피플 토크'를 비롯해, 삼성전자 기술임원 강연, 현직 엔지니어와의 1대1 상담 등으로 구성된다. 경계현 삼성전자 DS부문장 겸 대표이사 사장도 영상을 통해 환영사를 진행할 것으로 알려졌다.한편 삼성전자를 비롯한 국내 반도체 기업들은 기술력 강화를 위한 인재 확보에 총력을 기울이고 있다. 산업통상자원부에 따르면 국내 반도체 업계의 연간 부족 인력은 2020년 기준으로 1천621명에 달했다. 한국반도체산업협회는 향후 10년간 반도체 분야에서 약 3만명이 부족할 것으로 전망하기도 했다.
]"
2023-08-23 11:33:02,"""최적 가상화 시스템 구현""…삼성전자, VM웨어와 기술 협력",https://n.news.naver.com/mnews/article/018/0005557008?sid=101,"[
삼성전자, 'VM웨어 익스플로어 2023' 참여고성능 SSD, 업계 최초 VM웨어 인증 획득""시스템 성능·용량 개선…메모리 솔루션 강화""[이데일리 최영지 기자] 삼성전자가 글로벌 클라우드 소프트웨어업체인 VM웨어(VMware)와의 기술협력을 통해 최적의 가상화 시스템 구현에 나선다. 자사 서버용 솔리드스테이트드라이브(SSD)를 VM웨어 시스템에 적용함으로써 최적의 성능과 효율을 구현할 것으로 기대된다.



삼성전자가 21일(현지시간)부터 미국 라스베이거스에서 열리는 ‘VM웨어 익스플로어 2023’에 참가한 모습. (사진=삼성전자)삼성전자(005930)는 지난 21일(현지시간)부터 미국 라스베이거스에서 열리고 있는 글로벌 IT 행사 ‘VM웨어 익스플로어 2023’에서 VM웨어와 기술 협력을 발표했다고 23일 밝혔다.양사는 최적의 스토리지 가상화와 빅데이터 플랫폼 성능 구현을 위한 협력을 진행하게 된다.삼성전자는 업계 최초로 PCIe 5.0 기반 서버용 고성능 SSD ‘PM1743’에 대해 VM웨어의 올 플래시 인증(All Flash Certification)을 획득하고, 고성능·고용량 스토리지를 원하는 IT 고객들에게 최적의 솔루션을 제공할 계획이다.이 인증을 획득함으로써 VM웨어의 소프트웨어 ‘vSAN’과 삼성전자의 PCIe 5.0 기반 서버용 SSD ‘PM1743’을 함께 스토리지 시스템에 적용했을 때 최적의 성능과 효율을 기대할 수 있다는 게 삼성전자 설명이다.



삼성전자 PCIe 5.0 기반 서버용 고성능 SSD ‘PM1743’ (사진=삼성전자)삼성전자는 최신 vSAN 솔루션의 요구 설계 기준에 부합하도록 PM1743을 최적화했으며, 이를 통해 시스템의 성능과 용량을 동시에 개선하고 vSAN의 장점을 극대화할 수 있게 됐다.VM웨어가 엔비디아를 비롯한 인공지능(AI) 기업들과 협력하는 만큼 이번 인증으로 엔비디아 등이 만든 AI 플랫폼을 사용하는 회사들이 삼성의 SSD를 사용할 수 있는 가능성도 커진 것으로 보인다. VM웨어는 이번 행사에서 엔비디아와 협력해 내년초 기업용 AI 구축 플랫폼을 출시하겠다고 발표했다.배용철 삼성전자 메모리사업부 상품기획팀 부사장은 “이번 VM웨어와의 협력으로 메모리 솔루션의 가치를 시스템 솔루션으로 한단계 업그레이드하는 계기가 됐다”며 “SMRC 플랫폼을 기반으로 업계 최고의 파트너들과 함께 메모리 솔루션 에코시스템을 구축, 새로운 고객 가치를 창출하겠다”고 말했다.존 길마틴 VM웨어 수석 부사장은 “양사는 더욱 향상된 확장성과 성능을 갖추고 방대한 양의 데이터를 빠르게 처리할 수 있는 스토리지 시스템의 혁신을 주도하고 있다”며 “삼성전자의 최신 PCIe Gen5 SSD와 vSAN ESA 기반의 VM웨어 vSAN 8을 결합, 고객이 AI의 잠재력을 최대한 활용할 수 있도록 돕는 시스템을 제공할 것”이라고 밝혔다.
]"
2023-08-24 16:21:18,미국 홀린 삼성전자...디자인 공모전 IDEA 2023서 역대 최다 수상,https://n.news.naver.com/mnews/article/008/0004929484?sid=101,"[




삼성전자가 국제 디자인 공모전 'IDEA 2023'에서 역대 최다인 50개의 상을 받았다. 'IDEA 2023'에서 수상한 삼성전자 주요 제품/사진제공=삼성전자삼성전자가 세계적 권위의 국제 디자인 공모전 'IDEA 2023'에서 은상 1개, 동상 3개, 파이널리스트(본상) 46개로 총 50개의 상을 받았다고 24일 밝혔다. 역대 최다 수상이다.IDEA는 미국 산업디자이너협회(IDSA)가 주관하는 디자인상으로, 독일의 iF 디자인 어워드, 레드닷 디자인 어워드와 함께 세계 3대 디자인상으로 꼽힌다. 금상, 은상, 동상, 파이널리스트로 상이 나뉜다.삼성전자의 비스포크 가전이 대거 상을 받았다. 비스포크 에어드레서가 은상을 수상했다. 이 제품은 다양한 색상와 재질의 패널을 선택해 주위 공간에 맞출 수 있는 의류청정기다. 에어드레서 전용 옷걸이 외에 일반 옷걸이도 사용해 한번에 더 많은 의류를 관리할 수 있다.정수기, 세탁기·건조기, 로봇청소기 등의 비스포크 가전은 동상을 수상했다.'비스포크 정수기'는 정수 모듈을 싱크대 아래에 설치하는 빌트인 디자인으로, 취향에 따라 파우셋(출수구)의 색상을 선택해 주방 공간과 조화시킬 수 있다고 삼성전자는 설명했다. '비스포크 그랑데 AI 원바디 탑핏(Top-Fit)'은 세탁기와 건조기 상하 일체형 디자인으로 건조기 투입구의 높이가 낮아 누구나 편하게 세탁물을 넣고 꺼낼 수 있다. 제품 중간에 위치한 조작부로 세탁기와 건조기를 모두 작동시키는 등 사용 편리성도 더했다.'비스포크 제트 봇 AI'는 청소 후 자동으로 먼지통을 비워주는 청정스테이션 디자인이 특징이다.또 삼성전자는 △인피니티 스크린을 통해 더욱 몰입감 있는 경험을 제공하는 'Neo QLED TV' △일회용 건전지 없이 햇빛이나 실내 조명으로 충전할 수 있는 리모컨 '솔라셀 리모트' △커버 스크린 사용 경험을 향상시킨 폴더블폰 '갤럭시 Z 플립4'와 '갤럭시 Z 폴드4' △프리미엄 슬림 메탈 디자인의 노트북 '갤럭시 북3 프로' 시리즈 등 46개 제품이 파이널리스트에 선정됐다고 밝혔다.이외에도 △청각 장애·난청 사용자가 손 모양 인식을 기반으로 TV 화면과 자막을 제어할 수 있는 '제스처 인식 UX' △포터블 스크린으로 차별화된 스크린 경험과 공간 무드를 제공하는 '더 프리스타일' △경영 시뮬레이션 게임(타이쿤) 형식을 활용한 체험형 가상공간 '삼성 스페이스 타이쿤' 등의 UX가 선정됐다.노태문 삼성전자 디자인경영센터장 사장은 ""환경과 조화를 이루는 디자인은 물론 제품 본연의 기능과 목적에 충실한 디자인으로 고객의 삶을 더욱 풍성하게 하도록 지속적으로 노력할 것""이라고 말했다.
]"
2023-08-24 05:20:00,삼성전자 '갤럭시탭S9 FE·FE+' 4가지 색상으로 나온다,https://n.news.naver.com/mnews/article/417/0000944008?sid=105,"[




삼성전자의 차세대 태블릿 제품인 갤럭시탭S9 팬에디션(FE) 시리즈가 4가지 색상 버전으로 출시될 것이란 전망이 나왔다. 사진은 갤럭시탭S9 울트라. /사진=삼성전자 올해 하반기 출시될 예정인 삼성전자의 차세대 태블릿 제품인 갤럭시탭S9 팬에디션(FE) 시리즈가 4가지 색상으로 나올 것이란 분석이 나왔다. 팬에디션은 고객들이 선호하는 기능은 그대로 두고 나머지 성능을 낮춰 가성비를 높인 준프리미엄급 제품군이다. 사양은 다소 내려갔지만 가격이 저렴해진 만큼 플래그십 모델보다 진입장벽이 낮다.지난 22일(현지시각) 정보기술(IT)매체 샘모바일에 따르면 갤럭시탭S9 FE와 FE 플러스(+) 색상은 헝가리 사이트에 등록됐는데 해당 사이트에 등록된 색상은 민트, 라벤더, 그라파이트, 실버다.두 모델 모두 엑시노스 1380 칩을 사용하고 S펜(뒷면에 부착하여 충전)과 45W 고속 충전을 지원한다. 두 태블릿 모두 8기가바이트(GB) RAM, 128GB 스토리지와 12GB RAM, 256GB 스토리지로 제공될 전망이다.디스플레이 관련 유출 정보는 아직 나온 게 많지 않다. 유기발광다이오드(OLED) 또는 120헤르츠(Hz) 주사율 여부는 밝혀지지 않았다.갤탭S9 FE는 10.9인치 디스플레이와 단일 후면 카메라를 탑재할 것으로 예상되는 반면 갤탭S9 FE+는 12.4인치 화면과 후면에 듀얼 카메라를 장착할 수 있다. 
]"
2023-08-23 10:28:07,"""최적의 가상화 시스템 구현""… 삼성전자, VM웨어와 맞손",https://n.news.naver.com/mnews/article/014/0005060792?sid=101,"[




삼성전자의 PCIe 5.0 기반 서버용 고성능 솔리드스테이트드라이브(SSD) ‘PM1743’ 이미지. 삼성전자 제공 [파이낸셜뉴스] 삼성전자가 엔터프라이즈 소프트웨어 기업 VM웨어와 최적의 스토리지 가상화와 빅데이터 플랫폼 성능 구현을 위한 기술 협력에 나선다.   23일 관련 업계에 따르면 삼성전자는 이달 24일(현지시간)까지 미국 라스베이거스에서 열리고 있는 글로벌 정보기술(IT) 행사 'VM웨어 익스플로어 2023'에서 이 같이 협력 방안을 발표했다.   삼성전자는 업계 최초로 PCIe 5.0 기반 서버용 고성능 솔리드스테이트드라이브(SSD) ‘PM1743’에 대해 VM웨어의 올 플래시 인증을 획득하고, 고성능·고용량 스토리지를 원하는 IT 고객들에게 최적의 솔루션을 제공할 계획이다.   올 플래시 인증 획득을 통해 vm웨어의 소프트웨어 'vSAN'과 삼성전자의 PCIe 5.0 기반 서버용 SSD 'PM1743'을 함께 스토리지 시스템에 적용했을 때 최적의 성능과 효율을 기대할 수 있게 됐다.   삼성전자는 최신 vSAN 솔루션의 요구 설계 기준에 부합하도록 서버용 SSD 'PM1743'을 최적화했다.   서버용 SSD 'PM1743' 최적화를 통해 시스템의 성능과 용량을 동시에 개선하고, vSAN의 장점의 극대화가 가능해졌다.   삼성전자 메모리사업부 상품기획팀 배용철 부사장은 ""이번 vm웨어와의 긴밀한 협력으로 메모리 솔루션의 가치를 시스템 솔루션으로 한 단계 업그레이드 시키는 계기가 됐다""며 ""삼성전자는 삼성메모리리서치센터(SMRC) 플랫폼을 기반으로 업계 최고의 파트너들과 함께 메모리 솔루션 에코시스템을 구축하여 새로운 고객 가치를 창출하겠다”고 말했다.
		]"
2023-08-23 11:18:01,"삼성전자, 세계 최대 이통 표준단체 ‘3GPP’ 부의장 3명 배출",https://n.news.naver.com/mnews/article/366/0000926246?sid=105,"[




3GPP 표준회의에서 부의장으로 배출된 정경인 삼성리서치아메리카(SRA) 연구원(왼쪽부터), 송재연 삼성리서치 연구원, 나렌 탕구두 삼성리서치 인도 벵갈루루연구소 연구원. /삼성전자 제공        삼성전자는 23일 산하 선행연구조직인 삼성리서치아메리카의 정경인 연구원이 세계 최대 이동통신 기술 표준 단체인 3GPP의 무선 접속 실무 워킹그룹 2(RAN2) 부의장으로 신규 선임됐다고 밝혔다.이번 정 연구원 신규 선임으로 삼성전자는 3GPP 표준회의에서 부의장 3명을 동시에 배출했다. 2021년 8월 3GPP의 서비스 및 시스템 실무 워킹그룹 4(SA4), 코어망 및 단말 실무 워킹그룹 3(CT3)의 부의장으로 각각 당선된 송재연 삼성리서치(SR) 연구원과 나렌 탕구두 삼성리서치 인도 벵갈루루연구소 연구원은 2년 임기를 마치고 연임을 확정했다.1998년 설립된 3GPP는 세계 최대 이동통신 표준화 기술협력 기구다. 삼성전자와 퀄컴, 애플, 에릭슨, 노키아, 화웨이 등 전 세계 이동통신 관련 기업과 단체가 참여하고 있다. 무선 접속 실무 워킹그룹 2는 단말과 기지국 간 무선 통신 프로토콜 표준을 개발하는 분과다. 서비스 및 시스템 실무 워킹그룹은 5G(5세대 이동통신) 기반 동영상 스트리밍, 확장 현실(XR) 등 실감형 미디어의 전송 기술을 개발하는 분과다. 코어망 및 단말 실무 워킹그룹 3의 경우 5G 통신망과 외부 인터넷망을 연결하는 개방형 인터페이스를 제정하는 역할을 한다.삼성전자는 업계 최다 의장석을 확보하게 됐다. 의장 2석, 부의장 5석이다. 지난 5월 김윤선 삼성리서치 마스터, 앤드루 베넷 연구원은 각각 3GPP의 무선 접속 실무 워킹그룹 1(RAN1)과 서비스·시스템 실무 워킹그룹 2(SA2)의 의장으로 선임됐다.삼성전자 관계자는 “이번 의장단 의석 확보를 통해 이동통신 전반에 걸친 기술 분야에서 선도적인 입지를 구축했다”라며 “진행 중인 5G-어드밴스드 표준화와 6G(6세대 이동통신) 표준화 연구를 주도적으로 수행해 기술 리더십을 강화해 나가겠다”라고 했다.
]"
2023-08-23 08:59:07,"삼성전자, 공대 석박사 반도체 인재 선점 '총력'",https://n.news.naver.com/mnews/article/003/0012045265?sid=101,"[




[서울=뉴시스]삼성전자가 서울대 등 국내 주요 공과대학 5곳을 돌며 석·박사 인재 확보에 나선다.  (사진=삼성전자 채용 홈페이지) photo@newsis.com *재판매 및 DB 금지[서울=뉴시스]이인준 기자 = 삼성전자가 서울대 등 국내 주요 공과대학 5곳을 돌며 석·박사 인재 확보에 나선다. 23일 업계에 따르면 삼성전자는 전날 카이스트를 시작으로 오는 31일까지 5개 대학에서 '테크 앤드 커리어(T&amp;C) 포럼'을 비공개로 개최한다. 이어 ▲23일 성균관대 ▲24일 서울대 ▲29일 연세대 ▲31일 포항공대 등 순으로 열린다. T&amp;C포럼은 반도체 분야의 우수 인재를 확보하기 위해 삼성전자가 2016년부터 시행하고 있는 석·박사 대상 글로벌 채용 설명회다. 현직 임직원들의 기술 강연과 장학제도 소개, 취업 상담 등이 진행된다. 경계현 대표이사 사장도 영상을 통해 행사의 시작을 알리는 '키노트 스피치' 연사로 참여한다. 그는 '삼성전자 반도체의 여정'을 주제로 강연할 예정이다.삼성전자뿐 아니라 글로벌 반도체 업계는 기술 경쟁력을 이끄는 고급 인재 확보에 사활을 걸고 있다. 이재용 삼성전자 회장은 2월 천안캠퍼스에서 경영진과 간담회를 갖고 ""어려운 상황이지만 인재 양성과 미래 기술 투자에 흔들림이 있어서는 안 된다""고 강조했다.
]"
2023-08-21 14:40:12,"삼성·LG전자, 상반기 글로벌 TV 시장 '선두' 수성",https://n.news.naver.com/mnews/article/003/0012041993?sid=101,"[
삼성, 글로벌 TV·LG, 올레드 TV '각 1위'



[서울=뉴시스]삼성 Neo QLED 8K 라이프스타일 (사진 = 삼성전자) 2023.7.4. photo@newsis.com *재판매 및 DB 금지[서울=뉴시스]이현주 기자 = 삼성전자와 LG전자가 올 상반기 글로벌 TV 시장 선두 자리를 지키며 저력을 뽐냈다. 21일 글로벌 시장조사기관 옴디아에 따르면 삼성저자는 올 2분기 글로벌 TV 시장에서 점유율 31.2%를 기록하며 1위를 유지했다. LG전자는 상반기 올레드(OLED·유기발광다이오드) TV 시장에서 55.7%의 점유율로 1위를 이어갔다. 삼성, 초대형·프리미엄 시장 선전…신규 진입 올레드도↑삼성전자는 80형 이상 초대형 TV 시장에서도 올해 출시한 98형 제품들을 앞세워 41.6%의 금액 점유율을 기록했다. 이 같은 수치는 2위부터 4위까지 업체들의 점유율 합을 넘어서는 수치다.상반기 2500달러 이상 프리미엄 TV 시장에서도 삼성전자는 Neo QLED를 앞세워 금액 기준 61.7%의 압도적인 점유율을 기록했다. TV 시장의 최대 격전지인 북미와 유럽의 80형 이상 초대형 시장에서도 각각 59.3%와 60.7%의 점유율을 기록했다.중국 TV 업체들의 거센 도전 속에서 삼성전자는 프리미엄과 초대형에 집중하는 시장 전략을 통해 꾸준히 글로벌 TV 시장에서의 지배력을 굳건히 유지하고 있다.삼성전자는 Neo QLED 제품을 앞세워 올 상반기 400만대 가량의 QLED 제품을 판매했다. 2017년 첫 출시 이후 QLED 제품은 올 상반기까지 누적 3966만대를 판매했으며 지난 7월에는 누적 판매 4000만대를 돌파했다.삼성 OLED의 경우 상반기 35만2000대를 판매해 2022년 연간 판매량 35만대를 넘어서며 글로벌 매출 점유율 18.3%를 달성, OLED 시장에서 2위를 차지했다.글로벌 OLED 시장의 경우 글로벌 업체들의 전체 판매량이 상반기 239만대로 작년 동기 275만대 대비 13% 정도 판매량이 축소되어 시장 성장세가 다소 둔화된 모습을 보이는 가운데, 삼성전자는 신규 진입한 OLED 시장에서도 성장세가 두드러지고 있다.



[서울=뉴시스]LG 시그니처 올레드 M. (사진 = LG전자) 2023.8.21. photo@newsis.com *재판매 및 DB 금지LG, 올레드 시장 선두…프리미엄·초대형 집중올 상반기 LG전자의 올레드 TV 출하량은 133만1400대를 기록하며 전 세계 올레드 TV 시장서 확고한 1위를 이어갔다. 상반기 전체 올레드 TV 시장에서는 출하량 기준 점유율 약 55.7%를 차지했다.  'TV는 크면 클수록 좋다'는 거거익선(巨巨益善) 트렌드와 함께 전체 올레드 TV 시장에서 75형 이상 초대형 TV가 차지하는 비중이 11.4%를 기록했다. 75형 이상 초대형 올레드 TV의 출하량은 지난해까지 최근 5년간 연평균 90% 이상 폭발적으로 성장하고 있다.LG전자는 올해 상반기 75형 이상 초대형 올레드 TV 시장에서 출하량 기준 약 64.2%로 압도적 점유율을 기록했다. LG전자는 지난 7월 선보인 현존 최대 크기의 97형 올레드 TV에 세계 최초 4K·120Hz 무선 솔루션을 탑재한 'LG 시그니처 올레드 M'을 앞세워 하반기 초대형·프리미엄 TV 수요를 지속 공략할 계획이다.상반기 OLED와 LCD를 포함한 LG전자 전체 TV 출하량은 1048만2400대를 기록했다. LG전자는 전체 TV 시장에서 금액 기준 16.2% 점유율을 차지했다.글로벌 TV 시장 수요 위축에도 LG전자는 수익성 확보를 위한 유통재고 건전화 노력을 지속 기울이는 한편, 프리미엄과 초대형에 집중하는 시장 전략을 펼치고 있다. 상반기 LG전자의 TV 매출 가운데 최상위 라인업인 올레드 TV가 차지하는 비중은 약 30%를 기록했다.한편 상반기 전 세계 TV 출하량은 9270만6600대를 기록하며 전년과 유사한 수준을 기록했다. 전체 글로벌 올레드 TV의 상반기 출하량은 239만200대로 집계됐다．
]"
2023-08-23 09:29:01,"삼성전자, 세계 최대 이동통신 표준 단체 3GPP 의장단 3석 배출",https://n.news.naver.com/mnews/article/092/0002302724?sid=105,"[
의장 2석, 부의장 5석 확보해 업계 최다 의장석 보유삼성전자가 세계 최대 이동통신 기술 표준 단체인 3GPP(3rd Generation Partnership Project) 표준회의에서 부의장 3명을 동시 배출했다.3GPP는 지난 1998년 설립된 세계 최대 이동통신 표준화 기술협력 기구로, 삼성전자를 비롯해 퀄컴, 애플, 에릭슨, 노키아, 화웨이 등 전 세계 주요 국가의 이동통신 관련 기업과 단체들이 참여하며 이동통신 표준 정립을 주도해 오고 있다.



(왼쪽부터) 삼성리서치아메리카(SRA) 정경인 연구원, 삼성리서치 송재연 연구원, 삼성리서치 인도 벵갈루루연구소 나렌 탕구두 연구원(사진=삼성전자)삼성전자는 산하 선행연구조직인 삼성리서치아메리카(SRA)의 정경인 연구원이 3GPP의 ‘무선 접속 실무 워킹그룹 2(RAN Working Group 2, RAN2)’ 부의장으로 신규 선임됐다고 23일 밝혔다. RAN2는 단말과 기지국 간 무선 통신 프로토콜 표준을 개발하는 분과다.또한 지난 2021년 8월에 3GPP의 ‘서비스 및 시스템 실무 워킹그룹 4(SA Working Group 4, SA4)’와 ‘코어망 및 단말 실무 워킹그룹 3(CT Working Group 3, CT3)’의 부의장으로 각각 당선됐던 삼성리서치 송재연 연구원과 삼성리서치 인도 벵갈루루연구소의 나렌 탕구두(Narendranath Durga Tangudu) 연구원이 2년 임기를 마치고 연임을 확정 지었다.SA4는 5G 기반의 동영상 스트리밍, XR(확장 현실) 등 실감형 미디어의 전송 기술을 개발하는 분과이며, CT3는 5G 통신망과 외부 인터넷망을 연결하는 개방형 인터페이스를 제정하는 역할을 담당하고 있다.이로써 삼성전자는 의장 2석, 부의장 5석을 확보해 업계 최다 의장석 보유 기업의 위상을 공고히 하게 됐다.앞서 지난 5월, 삼성전자의 선행연구조직인 삼성리서치(SR)의 김윤선 마스터와 앤드루 베넷 연구원이 각각 3GPP의 ‘무선 접속 실무 워킹그룹 1(RAN Working Group 1)’과 ‘서비스·시스템 실무 워킹그룹 2(SA Working Group 2)’의 의장으로 선임된 바 있다.삼성전자는 ""이번 의장단 의석 확보를 통해 이동통신 전반에 걸친 기술 분야에서 선도적인 입지를 구축했으며, 특히 현재 진행되고 있는 5G-Advanced 표준화와 6G 표준화 연구를 주도적으로 수행하며 기술 리더십을 강화해 나갈 계획이다""고 말했다.
]"
2023-08-23 11:00:00,"삼성전자, '오디세이 아크' 신모델 공개",https://n.news.naver.com/mnews/article/421/0007004822?sid=101,"[




(서울=뉴스1) = 삼성전자는 오는 27일(현지시간)까지 독일 쾰른에서 열리는 '게임스컴 2023'에서 한층 강화된 성능의 차세대 게이밍 모니터 '오디세이 아크'를 공개한다고 23일 밝혔다.3개의 HDMI 포트 외 1개의 DP (디스플레이포트) 포트를 추가해 IT 기기 연결성을 높였다. KVM(키보드, 비디오 모니터, 마우스) 스위치 기능을 탑재해 하나의 키보드·마우스로 최대 4대의 PC까지 제어할 수 있다. (삼성전자 제공) 2023.8.23/뉴스1
		]"
2023-08-24 07:31:05,엔비디아 깜짝실적…‘주가 한몸’ 삼성전자·SK하이닉스 박스권 뚫나 [투자360],https://n.news.naver.com/mnews/article/016/0002187467?sid=101,"[




젠슨 황 엔비디아 최고경영자 [게티이미지][헤럴드경제=신동윤 기자] 인공지능(AI) 반도체의 선두 주자인 엔비디아가 1분기에 이어 2분기에도 '깜짝 실적'을 발표했다. 이에 그동안 엔비디아 주가와 높은 동조 흐름을 보였던 삼성전자와 SK하이닉스 주가가 박스권을 탈피하고 추가 반등에 성공할 수 있을지 관심이다.엔비디아는 회계연도 2분기(5∼7월) 135억1000달러(18조225억원)의 매출과 주당 2.70달러(3604원)의 순이익을 기록했다고 23일(현지시간) 밝혔다. 매출은 금융정보업체 레피니티브가 집계한 월가 전망치 112억2000만달러(14조9787억원)를 20% 웃돌고, 주당순이익은 전망치 2.09달러(2790원)보다 30% 상회하는 수준이다. 엔비디아는 3분기 매출은 약 160억 달러(21조3600억원)로 추정했다. 이는 월가 예상치 126억1000만 달러(16조8343억원)를 20% 이상 웃도는 수준이다.엔비디아의 실적은 전 세계적으로 챗GPT 등 생성형 AI가 큰 인기를 끌면서 H100과 A100으로 대표되는 최신 AI 칩이 이끌었다. 이들 칩의 수요를 반영한 엔비디아 데이터 센터 산업 부문 2분기 매출은 103억2천만 달러(13조7천772억원)로 1년 전보다 171% 증가했다. 게임 사업 부문 매출도 24억9000만 달러(3조3241억원)로 작년 같은 분기 대비 22% 늘었다.젠슨 황 최고경영자(CEO)는 보도자료를 통해 ""새로운 컴퓨팅 시대가 시작됐다""며 ""전 세계 기업들이 가속 컴퓨팅과 생성 AI로 전환하고 있다""고 말했다. 엔비디아는 이와 함께 250억 달러(33조3750억원)의 자사주 매입을 승인했다고 밝혔다. 실적 발표 후 엔비디아 주가는 뉴욕 증시 시간외 거래에서 9% 이상 급등하며, 사상 처음 510달러(68만원)까지 치솟았다. 엔비디아는 지난 1분기 때에도 매출과 주당 순이익이 시장 예상치를 약 10%와 20% 각각 뛰어넘은 바 있다.



국내 증시에선 지난 5월 1분기(2~4월) 실적 발표 시점처럼 이번에도 엔비디아발(發) AI 훈풍이 불 것이란 기대가 크다. 특히, 올 한 해 삼성전자와 SK하이닉스의 주가 흐름은 엔비디아와 사실상 한 몸처럼 움직인 만큼 삼성전자·SK하이닉스 주가를 재차 더 높은 곳으로 올려놓을 것이란 의견에 힘이 실린다.삼성전자 주가는 지난 5월 26일 종가 기준 7만300원을 기록하며 ‘7만전자’에 들어선 이후 8월 1일(7만1100원)을 끝으로 7만원 선이 붕괴되기까지 46거래일 간 6만9500~7만3400원 사이 ‘박스권’에 갇혀 답답한 모습을 보여왔다. SK하이닉스 주가 역시 지난 5월 30일부터 전날 종가까지 58거래일 중 3거래일을 제외하곤 11만원 대에 머물렀다. 심지어 8월 들어 삼성전자·SK하이닉스 주가는 각각 4.58%, 5.59% 하락했다.헤럴드경제가 엔비디아 주가와 삼성전자·SK하이닉스 주가 간에 도출한 상관계수는 각각 0.90, 0.93으로, 두 종목의 주가 흐름 모두 엔비디아와 높은 수준의 상관관계가 존재하는 것으로 나타났다. 상관계수는 1에 가까울수록 연관성이 높다는 의미다.삼성전자와 SK하이닉스가 AI용 반도체에 필수적인 HBM 시장을 사실상 석권하고 있다는 점도 향후 주가 강세를 점칠 수 있는 이유로 꼽힌다. 대만의 시장조사업체 트렌스포스는 “지난해 기준 SK하이닉스와 삼성전자의 글로벌 HBM 시장점유율은 각각 50%, 40%”라며 “향후 한국 기업의 HBM 점유율은 95%까지 확대될 것”이라고 짚었다.투자자들에겐 삼성전자와 SK하이닉스의 주가가 어느 수준까지 반등에 성공할 지도 관심사다.헤럴드경제가 대신증권 홈트레이딩시스템(HTS) ‘사이보스5’를 통해 올해 삼성전자 주식 거래 매물대를 분석한 결과 전날 종가(6만6600원)가 포함된 구간을 초과한 곳에서 매물이 형성된 비율은 38.48%에 이른다. SK하이닉스(21일 종가 11만6500원)의 경우 해당 비율은 14.35%였다.나정환 NH투자증권 연구원은 “빅테크 간 AI 경쟁 심화로 HBM 수요가 증가한다는 점을 감안하면 (삼성전자·SK하이닉스를 비롯한) 국내 반도체 주가는 조정 이후 우상향하는 흐름을 보일 것”이라고 분석했다.금융정보업체 에프앤가이드가 국내 증권사들이 제시한 삼성전자, SK하이닉스 목표주가 컨센서스는 각각 9만1364원, 14만3273원이다. 현재 주가 대비 37.18%, 22.98% 상승 여력이 있다는 것이다.한 증권사 애널리스트는 “3분기 실적을 통해 메모리반도체 감산 효과가 본격화됐다는 게 확인될 경우 소강상태에 놓여 있던 삼성전자·SK하이닉스 주가에도 본격적으로 탄력이 붙을 것”이라며 “삼성전자가 코스피 시총의 5분의 1을 차지하는 상황 속에, 반도체 관련주의 부활은 국내 증시에 가해지는 매크로적 압박에 따른 하방 리스크를 방어하고, 추가 상승 가능성을 높이는 재료가 될 것”이라 강조했다.




]"
